name,datetime,temp,feelslike,dew,humidity,precip,precipprob,preciptype,snow,snowdepth,windgust,windspeed,winddir,sealevelpressure,cloudcover,visibility,solarradiation,solarenergy,uvindex,severerisk,conditions,icon,stations
hendon london,2022-11-13T00:00:00,11,11,10.8,98.73,0.019,100,rain,0,0,24.1,8.6,116,1024.1,100,5,0,0,0,,"Rain, Overcast",rain,"03680099999,03672099999,03781099999,03772099999,03770099999"
hendon london,2022-11-13T01:00:00,12,12,11.3,95.26,0,0,,0,0,18.4,9.5,135,1023.3,100,4.4,0,0,0,,Overcast,cloudy,"03680099999,03672099999,03781099999,03772099999,03770099999"
hendon london,2022-11-13T02:00:00,12,12,11.7,98.24,0,0,,0,0,22.3,11.3,135,1023.2,100,3.5,0,0,0,,Overcast,cloudy,"03680099999,03672099999,03781099999,03772099999,03770099999"
hendon london,2022-11-13T03:00:00,12,12,11.7,98.21,0,0,,0,0,25.9,7.7,138,1023.1,100,4.4,0,0,0,,Overcast,cloudy,"03680099999,03672099999,03781099999,03772099999,03770099999"
hendon london,2022-11-13T04:00:00,11.9,11.9,11.7,98.49,0,0,,0,0,9.4,8.4,132,1022.3,100,5.6,0,0,0,,Overcast,cloudy,"03680099999,03672099999,03781099999,03772099999,03770099999"
hendon london,2022-11-13T05:00:00,11.9,11.9,11.5,97.05,0,0,,0,0,9.4,7.8,135,1022.2,100,5.6,0,0,0,,Overcast,cloudy,"03680099999,03672099999,03781099999,03772099999,03770099999"
hendon london,2022-11-13T06:00:00,11.7,11.7,11,95.49,0.011,100,rain,0,0,11.2,9.5,125,1021.2,100,5,0,0,0,,"Rain, Overcast",rain,"03680099999,03672099999,03781099999,03772099999,03770099999"
hendon london,2022-11-13T07:00:00,11.5,11.5,10.9,96.41,0,0,,0,0,7.6,10.9,102,1021.1,100,3.4,0,0,0,,Overcast,cloudy,"03680099999,03672099999,03781099999,03772099999,03770099999"
hendon london,2022-11-13T08:00:00,10.8,10.8,10.4,97.73,0,0,,0,0,5.4,8.8,96,1021.2,97.2,2.7,16,0.1,0,,Overcast,cloudy,"03680099999,D4121,03672099999,03781099999,03772099999,03770099999"
hendon london,2022-11-13T09:00:00,10.9,10.9,10.7,98.48,0,0,,0,0,14.8,10.2,97,1021.2,97.2,3.9,32,0.1,0,,Overcast,cloudy,"03680099999,D4121,03672099999,03781099999,03772099999,03770099999"
hendon london,2022-11-13T10:00:00,11.4,11.4,10.8,96.17,0,0,,0,0,5.4,7,77,1021.1,96.2,7.2,60,0.2,1,,Overcast,cloudy,"03680099999,D4121,03672099999,03781099999,03772099999,03770099999"
hendon london,2022-11-13T11:00:00,12.4,12.4,11.1,92.09,0,0,,0,0,3.6,7.5,112,1020.2,91,10,91,0.3,1,,Overcast,cloudy,"03680099999,D4121,03672099999,03781099999,03772099999,03770099999"
hendon london,2022-11-13T12:00:00,12.5,12.5,11,90.7,0,0,,0,0,3.6,10.5,103,1019.2,81.8,9.6,128,0.5,1,,Partially cloudy,partly-cloudy-day,"03680099999,D4121,03672099999,03781099999,03772099999,03770099999"
hendon london,2022-11-13T13:00:00,13.1,13.1,11.2,88.21,0,0,,0,0,13,9.8,98,1018.2,80.8,11.4,169,0.6,2,,Partially cloudy,partly-cloudy-day,"03680099999,D4121,03672099999,03781099999,03772099999,03770099999"
hendon london,2022-11-13T14:00:00,13.9,13.9,11.2,84.25,0,0,,0,0,20.5,9.9,99,1017.3,55.5,14.1,230,0.8,2,,Partially cloudy,partly-cloudy-day,"03680099999,D4121,03672099999,03781099999,03772099999,03770099999"
hendon london,2022-11-13T15:00:00,13.8,13.8,11.1,83.4,0,0,,0,0,14.8,10.8,96,1017.1,61.7,13.1,84,0.3,1,,Partially cloudy,partly-cloudy-day,"03680099999,D4121,03672099999,03781099999,03772099999,03770099999"
hendon london,2022-11-13T16:00:00,13.2,13.2,11.2,87.32,0,0,,0,0,3.6,9.4,97,1017.1,8,11.6,21,0.1,0,,Clear,clear-day,"03680099999,D4121,03672099999,03781099999,03772099999,03770099999"
hendon london,2022-11-13T17:00:00,12.2,12.2,10.8,91.53,0,0,,0,0,11.2,7.7,91,1016.2,43.8,6.9,5,0,0,,Partially cloudy,partly-cloudy-night,"03680099999,E4320,03672099999,03781099999,03772099999,03770099999"
hendon london,2022-11-13T18:00:00,12.1,12.1,11.4,95.16,0,0,,0,0,16.6,12,86,1016.1,83.6,4.8,0,0,0,,Partially cloudy,partly-cloudy-night,"03680099999,03672099999,03781099999,03772099999,03770099999"
hendon london,2022-11-13T19:00:00,11.7,11.7,10.8,94.53,0,0,,0,0,16.6,9.4,103,1015.2,86.9,7.1,0,0,0,,Partially cloudy,partly-cloudy-night,"03680099999,03672099999,03781099999,03772099999,03770099999"
hendon london,2022-11-13T20:00:00,11.2,11.2,10.5,95.72,0,0,,0,0,22.3,4,111,1015.1,97.2,6.3,0,0,0,,Overcast,cloudy,"03680099999,03672099999,03781099999,03772099999,03770099999"
hendon london,2022-11-13T21:00:00,10.1,10.1,9.4,95.8,0,0,,0,0,24.1,4.7,82,1014.8,64.7,3.9,0,0,0,,Partially cloudy,partly-cloudy-night,"03680099999,03672099999,03781099999,03772099999,03770099999"
hendon london,2022-11-13T22:00:00,10.1,10.1,9.4,95.6,0,0,,0,0,20.5,6.3,89,1014.2,0,5.7,0,0,0,,Clear,clear-night,"03680099999,03672099999,03781099999,03772099999,03770099999"
hendon london,2022-11-13T23:00:00,9.1,9.1,8.4,95.69,0,0,,0,0,7.6,3.6,322,1013.2,18.5,3.9,0,0,0,,Clear,clear-night,"03680099999,03672099999,03781099999,03772099999,03770099999"
hendon london,2022-11-14T00:00:00,8.5,8.5,7.8,95.56,0.019,100,rain,0,0,13,2.9,323,1013.1,0,5.4,0,0,0,,Rain,rain,"03680099999,03672099999,03781099999,03772099999,03770099999"
hendon london,2022-11-14T01:00:00,7.8,7.8,7.4,97.79,0,0,,0,0,16.6,3.1,101,1012.2,75.7,1.4,0,0,0,,Partially cloudy,partly-cloudy-night,"03680099999,03672099999,03781099999,03772099999,03770099999"
hendon london,2022-11-14T02:00:00,8.4,8.4,8.2,98.96,0,0,,0,0,5.4,3.6,359,1012,100,0.2,0,0,0,,Overcast,fog,"03680099999,03672099999,03781099999,03772099999,03770099999"
hendon london,2022-11-14T03:00:00,8.9,8.9,8.5,97.53,0,0,,0,0,11.2,2.7,195,1011.2,100,0.6,0,0,0,,Overcast,fog,"03680099999,03672099999,03781099999,03772099999,03770099999"
hendon london,2022-11-14T04:00:00,8.8,8.8,8.7,98.71,0,0,,0,0,18.4,3.3,79,1011.1,100,0,0,0,0,,Overcast,cloudy,"03680099999,03672099999,03781099999,03772099999,03770099999"
hendon london,2022-11-14T05:00:00,9.3,9.3,8.8,96.6,0,0,,0,0,18.4,3.1,100,1010.2,100,0.2,0,0,0,,Overcast,fog,"03680099999,03672099999,03781099999,03772099999,03770099999"
hendon london,2022-11-14T06:00:00,9.2,9.2,9.1,98.97,0.104,100,rain,0,0,16.6,3.8,116,1010.1,100,0.1,0,0,0,,"Rain, Overcast",rain,"03680099999,03672099999,03781099999,03772099999,03770099999"
hendon london,2022-11-14T07:00:00,9.4,9,9.2,98.65,0,0,,0,0,16.6,5.2,125,1010.1,100,0,5,0,0,,Overcast,cloudy,"03680099999,E4320,03672099999,03781099999,03772099999,03770099999"
hendon london,2022-11-14T08:00:00,9.5,9.5,9.4,99.49,0.019,100,rain,0,0,14.8,4.4,192,1009.8,10,0.5,11,0,0,,"Rain, Fog",rain,"03680099999,D4121,03672099999,03781099999,03772099999,03770099999"
hendon london,2022-11-14T09:00:00,10.1,10.1,10.1,99.93,0,0,,0,0,20.5,3.5,241,1009.2,100,0,29,0.1,0,,Overcast,cloudy,"03680099999,D4121,03672099999,03781099999,03772099999,03770099999"
hendon london,2022-11-14T10:00:00,10.8,10.8,10.6,98.46,0.077,100,rain,0,0,16.6,6.6,172,1009.2,100,1.2,49,0.2,0,,"Rain, Overcast",rain,"03680099999,D4121,03672099999,03781099999,03772099999,03770099999"
hendon london,2022-11-14T11:00:00,11.5,11.5,11.4,99.49,0,0,,0,0,18.4,6.2,168,1008.8,97.2,3.8,70,0.3,1,,Overcast,cloudy,"03680099999,D4121,03672099999,03781099999,03772099999,03770099999"
hendon london,2022-11-14T12:00:00,12.3,12.3,12.1,98.75,0,0,,0,0,13,7,140,1008.1,93.8,6.2,72,0.3,1,,Overcast,cloudy,"03680099999,D4121,03672099999,03781099999,03772099999,03770099999"
hendon london,2022-11-14T13:00:00,12.4,12.4,12.3,99.25,0,0,,0,0,9.4,7.8,125,1007.2,93.8,7.1,70,0.3,1,,Overcast,cloudy,"03680099999,D4121,03672099999,03781099999,03772099999,03770099999"
hendon london,2022-11-14T14:00:00,13.2,13.2,12.5,95.54,0,0,,0,0,5.4,5.2,128,1007.1,92.8,7.5,95,0.3,1,,Overcast,cloudy,"03680099999,D4121,03672099999,03781099999,03772099999,03770099999"
hendon london,2022-11-14T15:00:00,13.5,13.5,12.4,93.56,0,0,,0,0,7.6,6.7,104,1006.1,47.9,8.5,47,0.2,0,,Partially cloudy,partly-cloudy-day,"03680099999,D4121,03672099999,03781099999,03772099999,03770099999"
hendon london,2022-11-14T16:00:00,12.7,12.7,11.6,92.84,0,0,,0,0,7.6,7.7,106,1005.2,52,7.5,24,0.1,0,,Partially cloudy,partly-cloudy-day,"03680099999,D4121,03672099999,03781099999,03772099999,03770099999"
hendon london,2022-11-14T17:00:00,12.6,12.6,11.7,94.49,0,0,,0,0,13,5.4,118,1005.2,91,6.9,1,0,0,,Overcast,cloudy,"03680099999,E7521,03672099999,03781099999,03772099999,03770099999"
hendon london,2022-11-14T18:00:00,12.8,12.8,12,94.54,0,0,,0,0,16.6,7.3,129,1005.2,92.8,7.3,0,0,0,,Overcast,cloudy,"03680099999,03672099999,03781099999,03772099999,03770099999"
hendon london,2022-11-14T19:00:00,12.8,12.8,12,94.79,0,0,,0,0,11.2,8.6,162,1005.2,93.8,5.4,0,0,0,,Overcast,cloudy,"03680099999,03672099999,03781099999,03772099999,03770099999"
hendon london,2022-11-14T20:00:00,12.9,12.9,11.8,93.26,0.021,100,rain,0,0,18.4,12.4,239,1005.1,91,8.8,0,0,0,,"Rain, Overcast",rain,"03680099999,03672099999,03781099999,03772099999,03770099999"
hendon london,2022-11-14T21:00:00,12.2,12.2,11.1,93.25,0.495,100,rain,0,0,22.3,13.7,240,1005.1,91,13.1,0,0,0,,"Rain, Overcast",rain,"03680099999,03672099999,03781099999,03772099999,03770099999"
hendon london,2022-11-14T22:00:00,11.5,11.5,10,90.45,0,0,,0,0,24.1,12.9,237,1005,74.2,14.1,0,0,0,,Partially cloudy,partly-cloudy-night,"03680099999,03672099999,03781099999,03772099999,03770099999"
hendon london,2022-11-14T23:00:00,10.4,10.4,8.2,86.38,0.011,100,rain,0,0,13,8.8,211,1005,58.6,13.6,0,0,0,,"Rain, Partially cloudy",rain,"03680099999,03672099999,03781099999,03772099999,03770099999"
hendon london,2022-11-15T00:00:00,9.6,8.2,7.5,87.28,0,0,,0,0,16.6,9.4,184,1004.2,63.7,13.6,0,0,0,,Partially cloudy,partly-cloudy-night,"03680099999,03672099999,03781099999,03772099999,03770099999"
hendon london,2022-11-15T01:00:00,9.4,7.6,7.2,86.13,0,0,,0,0,22.3,12,165,1003.2,70.9,14.1,0,0,0,,Partially cloudy,partly-cloudy-night,"03680099999,03672099999,03781099999,03772099999,03770099999"
hendon london,2022-11-15T02:00:00,9.5,7.9,7.1,84.71,0,0,,0,0,25.9,10.9,160,1002.2,61.7,13.6,0,0,0,,Partially cloudy,partly-cloudy-night,"03680099999,03672099999,03781099999,03772099999,03770099999"
hendon london,2022-11-15T03:00:00,10,10,7.7,85.63,0,0,,0,0,22.3,13.6,154,1001.2,31.9,14.1,0,0,0,,Partially cloudy,partly-cloudy-night,"03680099999,03672099999,03781099999,03772099999,03770099999"
hendon london,2022-11-15T04:00:00,10.3,10.3,8.1,86.04,0,0,,0,0,29.5,14.9,152,1000.1,97.2,11.7,0,0,0,,Overcast,cloudy,"03680099999,03672099999,03781099999,03772099999,03770099999"
hendon london,2022-11-15T05:00:00,11.1,11.1,8.9,86.34,0,0,,0,0,35.3,17.3,156,999.1,97.2,12.1,0,0,0,,Overcast,cloudy,"03680099999,03672099999,03781099999,03772099999,03770099999"
hendon london,2022-11-15T06:00:00,11.9,11.9,9.1,82.56,0,0,,0,0,40.7,22.2,168,998.1,100,11.4,0,0,0,,Overcast,cloudy,"03680099999,03672099999,03781099999,03772099999,03770099999"
hendon london,2022-11-15T07:00:00,11.9,11.9,9.6,86.02,0.038,100,rain,0,0,33.5,22.5,164,997.2,93.8,7.6,0,0,0,,"Rain, Overcast",rain,"03680099999,03672099999,03781099999,03772099999,03770099999"
hendon london,2022-11-15T08:00:00,11.3,11.3,10.2,93.01,0.203,100,rain,0,0,29.5,22.4,151,996.4,93.8,6.9,7,0,0,,"Rain, Overcast",rain,"03680099999,D4121,03672099999,03781099999,03772099999,03770099999"
hendon london,2022-11-15T09:00:00,11.7,11.7,10.8,94.1,1.27,100,rain,0,0,35.3,21.7,157,995.8,93.8,6.3,14,0.1,0,,"Rain, Overcast",rain,"03680099999,D4121,03672099999,03781099999,03772099999,03770099999"
hendon london,2022-11-15T10:00:00,11.9,11.9,11.1,94.47,0.736,100,rain,0,0,38.9,20.5,158,994.9,93.8,7.5,24,0.1,0,,"Rain, Overcast",rain,"03680099999,D4121,03672099999,03781099999,03772099999,03770099999"
hendon london,2022-11-15T11:00:00,12,12,11.2,94.24,1.12,100,rain,0,0,42.5,24.4,161,993.3,93.8,6.1,31,0.1,0,,"Rain, Overcast",rain,"03680099999,D4121,03672099999,03781099999,03772099999,03770099999"
hendon london,2022-11-15T12:00:00,12.3,12.3,11.8,96.38,4.949,100,rain,0,0,44.6,25,165,992.3,93.8,7.6,18,0.1,0,,"Rain, Overcast",rain,"03680099999,D4121,03672099999,03781099999,03772099999,03770099999"
hendon london,2022-11-15T13:00:00,12.9,12.9,11.9,93.39,0.683,100,rain,0,0,51.8,22.1,179,991.2,79.8,7,37,0.1,0,,"Rain, Partially cloudy",rain,"03680099999,D4121,03672099999,03781099999,03772099999,03770099999"
hendon london,2022-11-15T14:00:00,14.1,14.1,11.2,82.69,0.145,100,rain,0,0,37.1,26.7,213,991.4,41.1,13.6,161,0.6,2,,"Rain, Partially cloudy",rain,"03680099999,D4121,03672099999,03781099999,03772099999,03770099999"
hendon london,2022-11-15T15:00:00,13.1,13.1,10,81.31,0,0,,0,0,33.5,21.8,216,992,49.5,12.6,32,0.1,0,,Partially cloudy,partly-cloudy-day,"03680099999,D4121,03672099999,03781099999,03772099999,03770099999"
hendon london,2022-11-15T16:00:00,12.6,12.6,9.3,80.49,0,0,,0,0,37.1,17.5,206,992.1,54,12.1,12,0,0,,Partially cloudy,partly-cloudy-day,"03680099999,D4121,03672099999,03781099999,03772099999,03770099999"
hendon london,2022-11-15T17:00:00,11.7,11.7,9.5,86.16,0.032,100,rain,0,0,27.7,16.8,201,992.4,66.4,11.6,5,0,0,,"Rain, Partially cloudy",rain,"03680099999,E4320,03672099999,03781099999,03772099999,03770099999"
hendon london,2022-11-15T18:00:00,11.2,11.2,9.2,87.25,0.043,100,rain,0,0,24.1,15.5,207,992.4,65.8,13.6,0,0,0,,"Rain, Partially cloudy",rain,"03680099999,03672099999,03781099999,03772099999,03770099999"
hendon london,2022-11-15T19:00:00,10.3,10.3,8.1,86.21,0,0,,0,0,16.6,13.8,193,992.2,85.9,13.1,0,0,0,,Partially cloudy,partly-cloudy-night,"03680099999,03672099999,03781099999,03772099999,03770099999"
hendon london,2022-11-15T20:00:00,10.1,10.1,7.9,86.18,0.019,100,rain,0,0,25.9,15.6,202,992.5,18.5,12.1,0,0,0,,Rain,rain,"03680099999,03672099999,03781099999,03772099999,03770099999"
hendon london,2022-11-15T21:00:00,9.3,6.8,7,85.94,0,0,,0,0,20.5,16.6,215,993.1,18.5,12.6,0,0,0,,Clear,clear-night,"03680099999,03672099999,03781099999,03772099999,03770099999"
hendon london,2022-11-15T22:00:00,8.7,6.7,6.9,88.12,0,0,,0,0,20.5,12.5,187,993.1,26.9,13.1,0,0,0,,Partially cloudy,partly-cloudy-night,"03680099999,03672099999,03781099999,03772099999,03770099999"
hendon london,2022-11-15T23:00:00,8.4,6.3,6.9,90.1,0,0,,0,0,18.4,12.2,181,993.2,6.2,10.4,0,0,0,,Clear,clear-night,"03680099999,03672099999,03781099999,03772099999,03770099999"
hendon london,2022-11-16T00:00:00,9.2,6.6,6.9,85.48,0,0,,0,0,30.2,18.4,200,993.1,50,9,0,0,0,,Partially cloudy,partly-cloudy-night,"03680099999,03772099999,03770099999"
hendon london,2022-11-16T01:00:00,9.3,6.7,7,85.95,0,0,,0,0,28.8,18.4,180,993,90,10,0,0,0,,Partially cloudy,partly-cloudy-night,"03680099999,03772099999,03770099999"
hendon london,2022-11-16T02:00:00,8.5,6.2,6.8,88.94,0,0,,0,0,27.7,14.8,160,993.1,90,10,0,0,0,,Partially cloudy,partly-cloudy-night,"03680099999,03772099999,03770099999"
hendon london,2022-11-16T03:00:00,8.3,6.4,7,91.62,0,0,,0,0,27.7,11.2,174,992.5,71.2,10,0,0,0,,Partially cloudy,partly-cloudy-night,"03680099999,03672099999,03772099999,03770099999"
hendon london,2022-11-16T04:00:00,8.4,6.7,7,90.99,0,0,,0,0,25.2,10.5,146,992.1,77.5,10,0,0,0,,Partially cloudy,partly-cloudy-night,"03680099999,03672099999,03772099999,03770099999"
hendon london,2022-11-16T05:00:00,8.4,6.7,7.1,91.69,0,0,,0,0,24.5,10,160,992.2,90,10,0,0,0,,Partially cloudy,partly-cloudy-night,"03680099999,03672099999,03772099999,03770099999"
hendon london,2022-11-16T06:00:00,8.2,7.6,6.9,91.55,0,0,,0,0,23.8,5.4,41,992.1,96.9,10,0,0,0,,Overcast,cloudy,"03680099999,03672099999,03772099999,03770099999"
hendon london,2022-11-16T07:00:00,8.9,7,7.7,92.49,0,0,,0,0,18.7,11.8,179,991.8,77.5,7.9,0,0,0,,Partially cloudy,partly-cloudy-night,"03680099999,03672099999,03772099999,03770099999"
hendon london,2022-11-16T08:00:00,8.7,6.9,7.9,94.5,0.053,100,rain,0,0,18.4,11.2,144,991.5,91,9.7,7,0,0,,"Rain, Overcast",rain,"03680099999,D5621,03672099999,03781099999,03772099999,03770099999"
hendon london,2022-11-16T09:00:00,8.9,7,8.1,94.77,2.828,100,rain,0,0,13,12,168,991.2,65.8,13.1,49,0.2,0,,"Rain, Partially cloudy",rain,"03680099999,D4121,03672099999,03781099999,03772099999,03770099999"
hendon london,2022-11-16T10:00:00,9.9,8.1,8.9,93.74,0.23,100,rain,0,0,20.5,12.4,190,991.3,18.5,12.6,217,0.8,2,,Rain,rain,"03680099999,D4121,03672099999,03781099999,03772099999,03770099999"
hendon london,2022-11-16T11:00:00,11.3,11.3,8,80.22,0,0,,0,0,22.3,13,177,991.2,28.8,14.1,124,0.4,1,,Partially cloudy,partly-cloudy-day,"03680099999,D4121,03672099999,03781099999,03772099999,03770099999"
hendon london,2022-11-16T12:00:00,12.1,12.1,7.7,74.58,0,0,,0,0,20.5,16.4,185,991.1,24.7,13.6,201,0.7,2,,Partially cloudy,partly-cloudy-day,"03680099999,D4121,03672099999,03781099999,03772099999,03770099999"
hendon london,2022-11-16T13:00:00,11.8,11.8,7.4,74.54,0,0,,0,0,18.4,14.3,170,990.1,53.1,13.1,214,0.8,2,,Partially cloudy,partly-cloudy-day,"03680099999,D4121,03672099999,03781099999,03772099999,03770099999"
hendon london,2022-11-16T14:00:00,11.6,11.6,8.3,79.98,0,0,,0,0,24.1,16.2,155,989.2,73.2,13.1,93,0.3,1,,Partially cloudy,partly-cloudy-day,"03680099999,D4121,03672099999,03781099999,03772099999,03770099999"
hendon london,2022-11-16T15:00:00,11.1,11.1,8.6,84.4,0,0,,0,0,20.5,16,162,988.2,82.9,11.9,25,0.1,0,,Partially cloudy,partly-cloudy-day,"03680099999,D4121,03672099999,03781099999,03772099999,03770099999"
hendon london,2022-11-16T16:00:00,10.9,10.9,8.8,87.06,0,0,,0,0,20.5,16.1,132,987.2,91,10.6,10,0,0,,Overcast,cloudy,"03680099999,D4121,03672099999,03781099999,03772099999,03770099999"
hendon london,2022-11-16T17:00:00,10.2,10.2,8.9,91.36,0.23,100,rain,0,0,25.9,15.3,117,986,79.8,10.4,0,0,0,,"Rain, Partially cloudy",rain,"03680099999,03672099999,03781099999,03772099999,03770099999"
hendon london,2022-11-16T18:00:00,10.7,10.7,9.2,90.48,0.043,100,rain,0,0,27.7,18.6,122,984.9,91,11.1,0,0,0,,"Rain, Overcast",rain,"03680099999,03672099999,03781099999,03772099999,03770099999"
hendon london,2022-11-16T19:00:00,10,10,9,93.53,0.917,100,rain,0,0,27.7,15.5,96,982.9,91,9.1,0,0,0,,"Rain, Overcast",rain,"03680099999,03672099999,03781099999,03772099999,03770099999"
hendon london,2022-11-16T20:00:00,10,10,8.6,91.01,0.875,100,rain,0,0,38.9,24.4,73,979.8,100,5,0,0,0,,"Rain, Overcast",rain,"03680099999,03672099999,03781099999,03772099999,03770099999"
hendon london,2022-11-16T21:00:00,9.7,6.5,8.7,93.94,5.678,100,rain,0,0,33.5,26,82,977.9,97.2,7,0,0,0,,"Rain, Overcast",rain,"03680099999,03672099999,03781099999,03772099999,03770099999"
hendon london,2022-11-16T22:00:00,10.1,10.1,9.2,94.45,1.398,100,rain,0,0,18.4,16.4,93,976.3,96.2,10.7,0,0,0,,"Rain, Overcast",rain,"03680099999,03672099999,03781099999,03772099999,03770099999"
hendon london,2022-11-16T23:00:00,10.3,10.3,9.7,96.06,0.096,100,rain,0,0,24.1,9.9,122,975.3,91,9.5,0,0,0,,"Rain, Overcast",rain,"03680099999,03672099999,03781099999,03772099999,03770099999"
hendon london,2022-11-17T00:00:00,10.6,10.6,10.2,97.37,1.299,100,rain,0,0,27.7,9.9,87,974.2,91,8.8,0,0,0,,"Rain, Overcast",rain,"03680099999,03672099999,03781099999,03772099999,03770099999"
hendon london,2022-11-17T01:00:00,10.7,10.7,10,95.8,0.13,100,rain,0,0,22.3,8.1,318,974.1,97.2,9.3,0,0,0,,"Rain, Overcast",rain,"03680099999,03672099999,03781099999,03772099999,03770099999"
hendon london,2022-11-17T02:00:00,10.5,10.5,10.2,97.85,0.011,100,rain,0,0,27.7,17.6,297,975.3,91,9.8,0,0,0,,"Rain, Overcast",rain,"03680099999,03672099999,03781099999,03772099999,03770099999"
hendon london,2022-11-17T03:00:00,9.5,6.3,8.7,94.31,0.03,100,rain,0,0,51.8,26.3,285,976.2,100,8.8,0,0,0,,"Rain, Overcast",rain,"03680099999,03672099999,03781099999,03772099999,03770099999"
hendon london,2022-11-17T04:00:00,8.9,5.2,8,94.18,0,0,,0,0,55.4,28.8,286,978.1,100,9.7,0,0,0,,Overcast,cloudy,"03680099999,03672099999,03781099999,03772099999,03770099999"
hendon london,2022-11-17T05:00:00,8.9,5.2,8,94.03,0.529,100,rain,0,0,44.6,29.7,276,979.2,100,11.2,0,0,0,,"Rain, Overcast",rain,"03680099999,03672099999,03781099999,03772099999,03770099999"
hendon london,2022-11-17T06:00:00,8.9,5,7.9,93.01,1.497,100,rain,0,0,46.4,32.4,270,980.2,100,6.2,0,0,0,,"Rain, Overcast",rain,"03680099999,03672099999,03781099999,03772099999,03770099999"
hendon london,2022-11-17T07:00:00,8.8,5,7.7,92.75,0.971,100,rain,0,0,46.4,30.9,269,981.2,100,6.7,0,0,0,,"Rain, Overcast",rain,"03680099999,03672099999,03781099999,03772099999,03770099999"
hendon london,2022-11-17T08:00:00,8.8,4.9,7.7,92.69,0.454,100,rain,0,0,44.6,31.7,266,982.2,93.8,11.8,5,0,0,,"Rain, Overcast",rain,"03680099999,D4121,03672099999,03781099999,03772099999,03770099999"
hendon london,2022-11-17T09:00:00,9.1,5.4,7.7,90.91,1.532,100,rain,0,0,44.6,30.3,266,983.1,91,14.1,24,0.1,0,,"Rain, Overcast",rain,"03680099999,D4121,03672099999,03781099999,03772099999,03770099999"
hendon london,2022-11-17T10:00:00,9.4,5.7,7.2,86.33,0.038,100,rain,0,0,40.7,31.1,260,983.3,91,14.1,117,0.4,1,,"Rain, Overcast",rain,"03680099999,D4121,03672099999,03781099999,03772099999,03770099999"
hendon london,2022-11-17T11:00:00,10.4,10.4,7.5,82.67,0,0,,0,0,42.5,32.2,266,984.2,74.7,13.6,132,0.5,1,,Partially cloudy,partly-cloudy-day,"03680099999,D4121,03672099999,03781099999,03772099999,03770099999"
hendon london,2022-11-17T12:00:00,10.8,10.8,7.3,78.71,0.146,100,rain,0,0,40.7,32.9,269,984.3,74.2,14.1,81,0.3,1,,"Rain, Partially cloudy",rain,"03680099999,D4121,03672099999,03781099999,03772099999,03770099999"
hendon london,2022-11-17T13:00:00,11.1,11.1,7.1,76.11,0,0,,0,0,44.6,29.5,269,984.9,84.9,13.6,115,0.4,1,,Partially cloudy,partly-cloudy-day,"03680099999,D4121,03672099999,03781099999,03772099999,03770099999"
hendon london,2022-11-17T14:00:00,11.8,11.8,6.8,71.38,0.019,100,rain,0,0,31.7,28.2,269,985.3,79.8,13.6,165,0.6,2,,"Rain, Partially cloudy",rain,"03680099999,D4121,03672099999,03781099999,03772099999,03770099999"
hendon london,2022-11-17T15:00:00,11.8,11.8,6.1,68.09,0,0,,0,0,44.6,30,263,985.4,73.2,13.6,77,0.3,1,,Partially cloudy,partly-cloudy-day,"03680099999,D4121,03672099999,03781099999,03772099999,03770099999"
hendon london,2022-11-17T16:00:00,11.1,11.1,5.9,70.24,0,0,,0,0,37.1,27.4,259,986.3,72.6,14.1,26,0.1,0,,Partially cloudy,partly-cloudy-day,"03680099999,D4121,03672099999,03781099999,03772099999,03770099999"
hendon london,2022-11-17T17:00:00,10.9,10.9,6,71.8,0,0,,0,0,31.7,24.9,256,986.4,34.9,14.1,1,0,0,,Partially cloudy,partly-cloudy-night,"F8080,03680099999,03672099999,03781099999,03772099999,03770099999"
hendon london,2022-11-17T18:00:00,10,7.4,5.9,75.93,0,0,,0,0,31.7,20,249,987.3,30.8,14.1,0,0,0,,Partially cloudy,partly-cloudy-night,"03680099999,03672099999,03781099999,03772099999,03770099999"
hendon london,2022-11-17T19:00:00,9.4,6.3,5.9,79.2,0.011,100,rain,0,0,29.5,23.3,256,987.9,55.5,14.1,0,0,0,,"Rain, Partially cloudy",rain,"03680099999,03672099999,03781099999,03772099999,03770099999"
hendon london,2022-11-17T20:00:00,9.1,6,5.7,79.03,0,0,,0,0,31.7,22.6,250,988.3,55.5,13.6,0,0,0,,Partially cloudy,partly-cloudy-night,"03680099999,03672099999,03781099999,03772099999,03770099999"
hendon london,2022-11-17T21:00:00,8.8,5.6,5.1,77.64,0,0,,0,0,33.5,23.3,249,989.3,31.9,14.1,0,0,0,,Partially cloudy,partly-cloudy-night,"03680099999,03672099999,03781099999,03772099999,03770099999"
hendon london,2022-11-17T22:00:00,8.8,5.4,5.7,81.18,0,0,,0,0,40.7,24.5,259,990.2,61.7,14.1,0,0,0,,Partially cloudy,partly-cloudy-night,"03680099999,03672099999,03781099999,03772099999,03770099999"
hendon london,2022-11-17T23:00:00,8.9,5.7,5.7,80.49,0,0,,0,0,40.7,22.6,250,990.9,55.1,14.1,0,0,0,,Partially cloudy,partly-cloudy-night,"03680099999,03672099999,03781099999,03772099999,03770099999"
hendon london,2022-11-18T00:00:00,8.8,5.5,6,82.54,0.189,100,rain,0,0,35.3,23.3,253,991.4,65.8,14.1,0,0,0,,"Rain, Partially cloudy",rain,"03680099999,03672099999,03781099999,03772099999,03770099999"
hendon london,2022-11-18T01:00:00,9,5.7,5.8,80.03,0,0,,0,0,31.7,24.8,256,992.3,65.8,14.1,0,0,0,,Partially cloudy,partly-cloudy-night,"03680099999,03672099999,03781099999,03772099999,03770099999"
hendon london,2022-11-18T02:00:00,9,5.7,5.3,78.07,0,0,,0,0,31.7,24.3,249,993,67.8,14.1,0,0,0,,Partially cloudy,partly-cloudy-night,"03680099999,03672099999,03781099999,03772099999,03770099999"
hendon london,2022-11-18T03:00:00,8.9,5.7,5.3,78.13,0,0,,0,0,33.5,22.2,253,993.4,73.2,14.1,0,0,0,,Partially cloudy,partly-cloudy-night,"03680099999,03672099999,03781099999,03772099999,03770099999"
hendon london,2022-11-18T04:00:00,8.5,5.3,5.2,79.46,0,0,,0,0,35.3,22.5,250,994.3,63.7,14.1,0,0,0,,Partially cloudy,partly-cloudy-night,"03680099999,03672099999,03781099999,03772099999,03770099999"
hendon london,2022-11-18T05:00:00,8.3,5.3,5,79.82,0,0,,0,0,31.7,19.5,253,995.3,100,14.1,0,0,0,,Overcast,cloudy,"03680099999,03672099999,03781099999,03772099999,03770099999"
hendon london,2022-11-18T06:00:00,8.2,5.2,5,80.55,0,0,,0,0,27.7,19.2,250,996.2,71.9,14.1,0,0,0,,Partially cloudy,partly-cloudy-night,"03680099999,03672099999,03781099999,03772099999,03770099999"
hendon london,2022-11-18T07:00:00,7.8,4.8,5.2,83.37,0,0,,0,0,37.1,18.1,250,997.3,74.2,14.1,0,0,0,,Partially cloudy,partly-cloudy-night,"03680099999,03672099999,03781099999,03772099999,03770099999"
hendon london,2022-11-18T08:00:00,7.5,4.7,5.2,85.2,0.077,100,rain,0,0,29.5,16.4,259,998.3,70.1,14.1,21,0.1,0,,"Rain, Partially cloudy",rain,"03680099999,D4121,03672099999,03781099999,03772099999,03770099999"
hendon london,2022-11-18T09:00:00,8.4,5.5,5.8,83.66,0,0,,0,0,27.7,18.4,262,999.3,31.9,11.7,84,0.3,1,,Partially cloudy,partly-cloudy-day,"03680099999,D4121,03672099999,03781099999,03772099999,03770099999"
hendon london,2022-11-18T10:00:00,9.7,7,6.1,78.25,0,0,,0,0,31.7,20.9,263,1000.3,30.8,12.6,212,0.8,2,,Partially cloudy,partly-cloudy-day,"03680099999,D4121,03672099999,03781099999,03772099999,03770099999"
hendon london,2022-11-18T11:00:00,11,11,6.7,74.85,0,0,,0,0,27.7,22.2,263,1001,18.5,14.1,66,0.2,1,,Clear,clear-day,"03680099999,D4121,03672099999,03781099999,03772099999,03770099999"
hendon london,2022-11-18T12:00:00,11.8,11.8,6.4,69.47,0,0,,0,0,29.5,22.2,270,1001.3,18.5,13.1,258,0.9,3,,Clear,clear-day,"03680099999,D4121,03672099999,03781099999,03772099999,03770099999"
hendon london,2022-11-18T13:00:00,11.5,11.5,6.1,69.56,0,0,,0,0,29.5,21.4,286,1002,57.1,13.1,239,0.9,2,,Partially cloudy,partly-cloudy-day,"03680099999,D4121,03672099999,03781099999,03772099999,03770099999"
hendon london,2022-11-18T14:00:00,11.3,11.3,6.1,70.53,0,0,,0,0,25.9,19.7,277,1002.4,69.2,13.6,64,0.2,1,,Partially cloudy,partly-cloudy-day,"03680099999,D4121,03672099999,03781099999,03772099999,03770099999"
hendon london,2022-11-18T15:00:00,11.5,11.5,6.1,69.59,0,0,,0,0,22.3,15.3,270,1003.3,93.8,14.1,38,0.1,0,,Overcast,cloudy,"03680099999,D4121,03672099999,03781099999,03772099999,03770099999"
hendon london,2022-11-18T16:00:00,11,11,6.1,71.98,0,0,,0,0,18.4,14,280,1004,93.8,14.1,13,0,0,,Overcast,cloudy,"03680099999,D4121,03672099999,03781099999,03772099999,03770099999"
hendon london,2022-11-18T17:00:00,10.8,10.8,6.1,72.84,0,0,,0,0,18.4,16.2,273,1004.5,93.8,14.1,0,0,0,,Overcast,cloudy,"03680099999,03672099999,03781099999,03772099999,03770099999"
hendon london,2022-11-18T18:00:00,10.2,10.2,6,75.24,0,0,,0,0,18.4,12.5,279,1005.4,100,14.1,0,0,0,,Overcast,cloudy,"03680099999,03672099999,03781099999,03772099999,03770099999"
hendon london,2022-11-18T19:00:00,10.1,10.1,5.9,75.53,0,0,,0,0,18.4,11.9,284,1006.4,100,14.1,0,0,0,,Overcast,cloudy,"03680099999,03672099999,03781099999,03772099999,03770099999"
hendon london,2022-11-18T20:00:00,9.7,7.8,5.4,74.62,0,0,,0,0,24.1,13,290,1007.1,26.8,14.1,0,0,0,,Partially cloudy,partly-cloudy-night,"03680099999,03672099999,03781099999,03772099999,03770099999"
hendon london,2022-11-18T21:00:00,8.8,7.1,4.9,76.47,0,0,,0,0,18.4,10.7,296,1008,26.8,13.1,0,0,0,,Partially cloudy,partly-cloudy-night,"03680099999,03672099999,03781099999,03772099999,03770099999"
hendon london,2022-11-18T22:00:00,9.1,7.3,4.8,74.18,0,0,,0,0,16.6,11.8,302,1008.4,66.4,13.6,0,0,0,,Partially cloudy,partly-cloudy-night,"03680099999,03672099999,03781099999,03772099999,03770099999"
hendon london,2022-11-18T23:00:00,9,7.2,4.7,74.15,0,0,,0,0,14.8,11.8,299,1009.1,100,14.1,0,0,0,,Overcast,cloudy,"03680099999,03672099999,03781099999,03772099999,03770099999"
hendon london,2022-11-19T00:00:00,9,7.3,4.8,75.28,0,0,,0,0,13,10.5,304,1010,97.2,13.1,0,0,0,,Overcast,cloudy,"03680099999,03672099999,03781099999,03772099999,03770099999"
hendon london,2022-11-19T01:00:00,8.5,7,4.9,78.05,0,0,,0,0,14.8,9.4,304,1010.1,97.2,14.1,0,0,0,,Overcast,cloudy,"03680099999,03672099999,03781099999,03772099999,03770099999"
hendon london,2022-11-19T02:00:00,8.2,6.4,5,79.99,0,0,,0,0,13,11,302,1010.4,97.2,10.2,0,0,0,,Overcast,cloudy,"03680099999,03672099999,03781099999,03772099999,03770099999"
hendon london,2022-11-19T03:00:00,8,5.9,4.9,80.8,0,0,,0,0,16.6,12.3,301,1010.5,100,12.6,0,0,0,,Overcast,cloudy,"03680099999,03672099999,03781099999,03772099999,03770099999"
hendon london,2022-11-19T04:00:00,8.1,6.1,5.1,81.65,0,0,,0,0,16.6,11.2,296,1011,100,13.1,0,0,0,,Overcast,cloudy,"03680099999,03672099999,03781099999,03772099999,03770099999"
hendon london,2022-11-19T05:00:00,8.1,5.7,5.2,81.77,0,0,,0,0,16.6,13.9,296,1011.1,100,10.9,0,0,0,,Overcast,cloudy,"03680099999,03672099999,03781099999,03772099999,03770099999"
hendon london,2022-11-19T06:00:00,8.2,5.8,5.2,81.39,0,0,,0,0,14.8,14.2,296,1011.4,100,13.6,0,0,0,,Overcast,cloudy,"03680099999,03672099999,03781099999,03772099999,03770099999"
hendon london,2022-11-19T07:00:00,8.2,5.8,5.3,81.43,0,0,,0,0,16.6,15,300,1012,100,13.1,0,0,0,,Overcast,cloudy,"03680099999,03672099999,03781099999,03772099999,03770099999"
hendon london,2022-11-19T08:00:00,8.3,5.9,5.3,81.43,0,0,,0,0,14.8,14.2,291,1012.1,100,14.1,7,0,0,,Overcast,cloudy,"03680099999,D4121,03672099999,03781099999,03772099999,03770099999"
hendon london,2022-11-19T09:00:00,8.5,6.4,5.2,79.97,0,0,,0,0,18.4,12.6,306,1012.4,93.8,13.6,38,0.1,0,,Overcast,cloudy,"03680099999,D4121,03672099999,03781099999,03772099999,03770099999"
hendon london,2022-11-19T10:00:00,9,7,5.5,79.04,0,0,,0,0,22.3,12.6,299,1013,93.8,11.3,78,0.3,1,,Overcast,cloudy,"03680099999,D4121,03672099999,03781099999,03772099999,03770099999"
hendon london,2022-11-19T11:00:00,9.8,7.7,5.9,76.77,0,0,,0,0,16.6,14.6,297,1013,93.8,13.6,125,0.5,1,,Overcast,cloudy,"03680099999,D4121,03672099999,03781099999,03772099999,03770099999"
hendon london,2022-11-19T12:00:00,10,10,6,76.02,0,0,,0,0,18.4,14.4,310,1013,100,13.6,97,0.3,1,,Overcast,cloudy,"03680099999,D4121,03672099999,03781099999,03772099999,03770099999"
hendon london,2022-11-19T13:00:00,10.1,10.1,5.9,75.65,0,0,,0,0,22.3,15.2,300,1013,100,13.6,59,0.2,1,,Overcast,cloudy,"03680099999,D4121,03672099999,03781099999,03772099999,03770099999"
hendon london,2022-11-19T14:00:00,10.1,10.1,5.9,75.31,0,0,,0,0,18.4,14.2,305,1012.8,93.8,14.1,70,0.3,1,,Overcast,cloudy,"03680099999,D4121,03672099999,03781099999,03772099999,03770099999"
hendon london,2022-11-19T15:00:00,10.2,10.2,5.8,74.26,0,0,,0,0,11.2,12.8,306,1012.1,37.2,14.1,51,0.2,1,,Partially cloudy,partly-cloudy-day,"03680099999,D4121,03672099999,03781099999,03772099999,03770099999"
hendon london,2022-11-19T16:00:00,9.4,8.4,5.8,78.08,0,0,,0,0,11.2,7.6,294,1012.4,67.1,13.6,18,0.1,0,,Partially cloudy,partly-cloudy-day,"03680099999,D4121,03672099999,03781099999,03772099999,03770099999"
hendon london,2022-11-19T17:00:00,9.1,7.7,5.4,77.69,0,0,,0,0,9.4,9.5,283,1012.4,70.1,13.1,0,0,0,,Partially cloudy,partly-cloudy-night,"03680099999,03672099999,03781099999,03772099999,03770099999"
hendon london,2022-11-19T18:00:00,8.1,7.3,5.4,83.34,0,0,,0,0,7.6,6,263,1013,65.8,13.1,0,0,0,,Partially cloudy,partly-cloudy-night,"03680099999,03672099999,03781099999,03772099999,03770099999"
hendon london,2022-11-19T19:00:00,8,7,5,81.65,0,0,,0,0,13,6.6,280,1013,30.8,12.1,0,0,0,,Partially cloudy,partly-cloudy-night,"03680099999,03672099999,03781099999,03772099999,03770099999"
hendon london,2022-11-19T20:00:00,6.8,6.8,4.5,84.95,0,0,,0,0,7.6,3.8,272,1013,18.5,11.7,0,0,0,,Clear,clear-night,"03680099999,03672099999,03781099999,03772099999,03770099999"
hendon london,2022-11-19T21:00:00,6.1,6.1,4,86.29,0,0,,0,0,7.6,2.7,214,1013,10.7,12.1,0,0,0,,Clear,clear-night,"03680099999,03672099999,03781099999,03772099999,03770099999"
hendon london,2022-11-19T22:00:00,4.2,4.2,3.3,93.77,0,0,,0,0,12.2,1.7,160,1012.2,68.7,10,0,0,0,,Partially cloudy,partly-cloudy-night,"03680099999,03672099999,03772099999"
hendon london,2022-11-19T23:00:00,4.8,4.8,3.8,92.99,0,0,,0,0,7.6,3.8,164,1012.1,70.9,10.8,0,0,0,,Partially cloudy,partly-cloudy-night,"03680099999,03672099999,03781099999,03772099999,03770099999"
hendon london,2022-11-20T00:00:00,5.1,4,4.3,94.27,0,0,,0,0,11.2,5.6,145,1011.3,71.9,11.8,0,0,0,,Partially cloudy,partly-cloudy-night,"03680099999,03672099999,03781099999,03772099999,03770099999"
hendon london,2022-11-20T01:00:00,5.4,4.4,4.3,92.73,0,0,,0,0,11.2,5.4,113,1011.1,71.9,13.6,0,0,0,,Partially cloudy,partly-cloudy-night,"03680099999,03672099999,03781099999,03772099999,03770099999"
hendon london,2022-11-20T02:00:00,5.9,5,4.6,91.33,0,0,,0,0,13,5.1,113,1010.2,80.3,14.1,0,0,0,,Partially cloudy,partly-cloudy-night,"03680099999,03672099999,03781099999,03772099999,03770099999"
hendon london,2022-11-20T03:00:00,6.7,5.5,4,83.32,0,0,,0,0,14.8,6.5,182,1009.5,92.7,20.7,0,0,0,,Overcast,cloudy,"03680099999,03781099999,03772099999,03770099999"
hendon london,2022-11-20T04:00:00,6.8,5.5,5,87.85,0.049,100,rain,0,0,20.5,7.1,162,1008.3,97.2,10.5,0,0,0,,"Rain, Overcast",rain,"03680099999,03672099999,03781099999,03772099999,03770099999"
hendon london,2022-11-20T05:00:00,6.8,5,6.1,95.86,0.119,100,rain,0,0,13,8.8,145,1007.8,91,6.6,0,0,0,,"Rain, Overcast",rain,"03680099999,03672099999,03781099999,03772099999,03770099999"
hendon london,2022-11-20T06:00:00,7.3,5.5,6.9,97.65,0.784,100,rain,0,0,22.3,9.1,151,1007.1,97.2,5.2,0,0,0,,"Rain, Overcast",rain,"03680099999,03672099999,03781099999,03772099999,03770099999"
hendon london,2022-11-20T07:00:00,7.5,6.2,7,97.14,0.282,100,rain,0,0,22.3,7.3,224,1006.2,91,4.6,0,0,0,,"Rain, Overcast",rain,"03680099999,03672099999,03781099999,03772099999,03770099999"
hendon london,2022-11-20T08:00:00,7.6,6.7,7.3,97.59,2.848,100,rain,0,0,22.3,6.4,297,1006.4,91,9.6,8,0,0,,"Rain, Overcast",rain,"03680099999,D4121,03672099999,03781099999,03772099999,03770099999"
hendon london,2022-11-20T09:00:00,7.6,5.3,6.8,94.53,2.37,100,rain,0,0,25.9,12.9,285,1007,79.8,10.5,56,0.2,1,,"Rain, Partially cloudy",rain,"03680099999,D4121,03672099999,03781099999,03772099999,03770099999"
hendon london,2022-11-20T10:00:00,8.3,6.2,7.5,94.58,0.019,100,rain,0,0,29.5,12.9,281,1007.1,27.7,11.1,148,0.5,1,,"Rain, Partially cloudy",rain,"03680099999,D4121,03672099999,03781099999,03772099999,03770099999"
hendon london,2022-11-20T11:00:00,9.9,7.5,7.4,84.52,0,0,,0,0,25.9,17.9,274,1007,2.7,11.1,80,0.3,1,,Clear,clear-day,"03680099999,D4121,03672099999,03781099999,03772099999,03770099999"
hendon london,2022-11-20T12:00:00,10.9,10.9,6.9,76.36,0,0,,0,0,29.5,25.3,277,1007,2.7,10.8,204,0.7,2,,Clear,clear-day,"03680099999,D4121,03672099999,03781099999,03772099999,03770099999"
hendon london,2022-11-20T13:00:00,10.9,10.9,5.3,68.58,0,0,,0,0,38.9,27.4,276,1007.1,32.5,11.2,276,1,3,,Partially cloudy,partly-cloudy-day,"03680099999,D4121,03672099999,03781099999,03772099999,03770099999"
hendon london,2022-11-20T14:00:00,10.6,10.6,4.8,67.55,0,0,,0,0,33.5,17.5,276,1007.1,72.6,12.1,126,0.5,1,,Partially cloudy,partly-cloudy-day,"03680099999,D4121,03672099999,03781099999,03772099999,03770099999"
hendon london,2022-11-20T15:00:00,10.2,10.2,5.6,73.04,0,0,,0,0,24.1,17.1,270,1007.1,91,12.1,53,0.2,1,,Overcast,cloudy,"03680099999,D4121,03672099999,03781099999,03772099999,03770099999"
hendon london,2022-11-20T16:00:00,9.3,7.2,5.7,78.3,0.203,100,rain,0,0,16.6,14.3,264,1007.1,79.8,11.6,22,0.1,0,,"Rain, Partially cloudy",rain,"03680099999,D4121,03672099999,03781099999,03772099999,03770099999"
hendon london,2022-11-20T17:00:00,8.7,6.1,5.6,81.08,0.096,100,rain,0,0,22.3,16.4,270,1007.4,74.7,11.8,0,0,0,,"Rain, Partially cloudy",rain,"03680099999,03672099999,03781099999,03772099999,03770099999"
hendon london,2022-11-20T18:00:00,8.1,5.5,5.2,82.03,0,0,,0,0,22.3,15.3,276,1008,18.5,14.1,0,0,0,,Clear,clear-night,"03680099999,03672099999,03781099999,03772099999,03770099999"
hendon london,2022-11-20T19:00:00,7.2,4.5,4.5,82.64,0.077,100,rain,0,0,31.7,14.8,280,1008.4,18.5,14.1,0,0,0,,Rain,rain,"03680099999,03672099999,03781099999,03772099999,03770099999"
hendon london,2022-11-20T20:00:00,6.7,3.7,4.2,84.46,0,0,,0,0,27.7,15.6,261,1008.5,0,14.1,0,0,0,,Clear,clear-night,"03680099999,03672099999,03781099999,03772099999,03770099999"
hendon london,2022-11-20T21:00:00,6.1,3.6,4,86.52,0.093,100,rain,0,0,24.1,11.6,265,1009.1,0,14.1,0,0,0,,Rain,rain,"03680099999,03672099999,03781099999,03772099999,03770099999"
hendon london,2022-11-20T22:00:00,5.6,3.1,3.8,88.69,0,0,,0,0,18.4,11.3,245,1009,0,14.1,0,0,0,,Clear,clear-night,"03680099999,03672099999,03781099999,03772099999,03770099999"
hendon london,2022-11-20T23:00:00,5.4,3.9,4,90.3,0,0,,0,0,14.8,7,248,1008.3,61.7,13.6,0,0,0,,Partially cloudy,partly-cloudy-night,"03680099999,03672099999,03781099999,03772099999,03770099999"
hendon london,2022-11-21T00:00:00,5.5,3.5,3.7,87.89,0,0,,0,0,20.5,9.2,232,1008.1,66.8,13.1,0,0,0,,Partially cloudy,partly-cloudy-night,"03680099999,03672099999,03781099999,03772099999,03770099999"
hendon london,2022-11-21T01:00:00,5.2,3.6,3.8,90.31,0,0,,0,0,16.6,7.3,235,1007.2,70.9,12.1,0,0,0,,Partially cloudy,partly-cloudy-night,"03680099999,03672099999,03781099999,03772099999,03770099999"
hendon london,2022-11-21T02:00:00,5.3,5.3,4,91.29,0,0,,0,0,14.8,3.8,176,1006.8,69.9,11.8,0,0,0,,Partially cloudy,partly-cloudy-night,"03680099999,03672099999,03781099999,03772099999,03770099999"
hendon london,2022-11-21T03:00:00,4.8,3.7,3.5,91.21,0,0,,0,0,13,5.3,223,1005.8,71.9,12.1,0,0,0,,Partially cloudy,partly-cloudy-night,"03680099999,03672099999,03781099999,03772099999,03770099999"
hendon london,2022-11-21T04:00:00,3.8,3.8,2.9,93.35,0,0,,0,0,9.4,3.8,103,1004.2,66.8,11.2,0,0,0,,Partially cloudy,partly-cloudy-night,"03680099999,03672099999,03781099999,03772099999,03770099999"
hendon london,2022-11-21T05:00:00,3.6,1.4,2.8,95.15,0,0,,0,0,11.2,8.1,94,1002.9,34.9,11.4,0,0,0,,Partially cloudy,partly-cloudy-night,"03680099999,03672099999,03781099999,03772099999,03770099999"
hendon london,2022-11-21T06:00:00,3.9,2.9,3.1,94.1,0,0,,0,0,20.5,4.9,88,1001.3,61.7,11.1,0,0,0,,Partially cloudy,partly-cloudy-night,"03680099999,03672099999,03781099999,03772099999,03770099999"
hendon london,2022-11-21T07:00:00,5.1,2.5,4.2,93.97,0,0,,0,0,20.5,11.2,99,1000,79.8,10.5,0,0,0,,Partially cloudy,partly-cloudy-night,"03680099999,03672099999,03781099999,03772099999,03770099999"
hendon london,2022-11-21T08:00:00,6,3.5,5.2,94.49,0,0,,0,0,22.3,11.9,113,998.3,81.8,11.8,15,0.1,0,,Partially cloudy,partly-cloudy-day,"03680099999,D4121,03672099999,03781099999,03772099999,03770099999"
hendon london,2022-11-21T09:00:00,7,4.4,5.5,90.08,0,0,,0,0,20.5,14.1,113,997.3,61.7,11.3,31,0.1,0,,Partially cloudy,partly-cloudy-day,"03680099999,D4121,03672099999,03781099999,03772099999,03770099999"
hendon london,2022-11-21T10:00:00,7.8,5.2,6,88.32,0,0,,0,0,27.7,15.1,119,995.8,86,10.7,16,0.1,0,,Partially cloudy,partly-cloudy-day,"03680099999,D4121,03672099999,03781099999,03772099999,03770099999"
hendon london,2022-11-21T11:00:00,8.2,5.4,6.8,91.08,0.062,100,rain,0,0,25.9,17.3,127,993.1,100,8.9,18,0.1,0,,"Rain, Overcast",rain,"03680099999,D4121,03672099999,03781099999,03772099999,03770099999"
hendon london,2022-11-21T12:00:00,8.4,5.3,7.4,93.6,1.421,100,rain,0,0,35.3,20.8,112,990.9,93.8,7.8,33,0.1,0,,"Rain, Overcast",rain,"03680099999,D4121,03672099999,03781099999,03772099999,03770099999"
hendon london,2022-11-21T13:00:00,9.1,5.9,7.7,90.55,0.107,100,rain,0,0,42.5,24.5,135,988.8,91,8.1,38,0.1,0,,"Rain, Overcast",rain,"03680099999,D4121,03672099999,03781099999,03772099999,03770099999"
hendon london,2022-11-21T14:00:00,8.2,4.2,6,86.16,0.254,100,rain,0,0,51.8,30.3,141,986.9,93.8,8.6,23,0.1,0,,"Rain, Overcast",rain,"03680099999,D4121,03672099999,03781099999,03772099999,03770099999"
hendon london,2022-11-21T15:00:00,7.9,4.1,6.1,88.2,0.175,100,rain,0,0,42.5,26.3,115,984.6,93.8,9.6,10,0,0,,"Rain, Overcast",rain,"03680099999,D4121,03672099999,03781099999,03772099999,03770099999"
hendon london,2022-11-21T16:00:00,7.9,4.6,6.9,93.31,0.29,100,rain,0,0,38.9,21,110,983.2,93.8,5.4,10,0,0,,"Rain, Overcast",rain,"03680099999,D4121,03672099999,03781099999,03772099999,03770099999"
hendon london,2022-11-21T17:00:00,8,4.4,6.7,92.08,0.472,100,rain,0,0,51.8,24.3,242,982.7,91,10.5,5,0,0,,"Rain, Overcast",rain,"03680099999,D1286,03672099999,03781099999,03772099999,03770099999"
hendon london,2022-11-21T18:00:00,7.5,2.8,5.3,86.51,1.817,100,rain,0,0,53.6,37.3,266,983.2,100,14.1,0,0,0,,"Rain, Overcast",rain,"03680099999,03672099999,03781099999,03772099999,03770099999"
hendon london,2022-11-21T19:00:00,7.8,3.7,4.6,79.81,0,0,,0,0,48.2,30.1,256,984.2,41.1,13.6,0,0,0,,Partially cloudy,partly-cloudy-night,"03680099999,03672099999,03781099999,03772099999,03770099999"
hendon london,2022-11-21T20:00:00,7,2.8,3.3,77.24,0.077,100,rain,0,0,50,28.4,247,984.4,19.5,13.1,0,0,0,,Rain,rain,"03680099999,03672099999,03781099999,03772099999,03770099999"
hendon london,2022-11-21T21:00:00,6.5,2.1,3,78.59,0,0,,0,0,35.3,28.3,249,985.2,0,13.1,0,0,0,,Clear,clear-night,"03680099999,03672099999,03781099999,03772099999,03770099999"
hendon london,2022-11-21T22:00:00,6,1.9,3,81.02,0,0,,0,0,33.5,24.3,239,985.4,0,13.6,0,0,0,,Clear,clear-night,"03680099999,03672099999,03781099999,03772099999,03770099999"
hendon london,2022-11-21T23:00:00,5.3,1.3,2.8,83.38,0.019,100,rain,0,0,29.5,22.1,244,986,0,13.1,0,0,0,,Rain,rain,"03680099999,03672099999,03781099999,03772099999,03770099999"
hendon london,2022-11-22T00:00:00,5.1,1,2.7,84.27,0.064,100,rain,0,0,25.9,21.8,238,986,55.5,13.6,0,0,0,,"Rain, Partially cloudy",rain,"03680099999,03672099999,03781099999,03772099999,03770099999"
hendon london,2022-11-22T01:00:00,5.5,1.7,2.8,83.17,0,0,,0,0,24.1,20.1,241,986,30.8,14.1,0,0,0,,Partially cloudy,partly-cloudy-night,"03680099999,03672099999,03781099999,03772099999,03770099999"
hendon london,2022-11-22T02:00:00,5.7,1.9,2.9,82.27,0,0,,0,0,24.1,20.8,244,986,62.7,13.6,0,0,0,,Partially cloudy,partly-cloudy-night,"03680099999,03672099999,03781099999,03772099999,03770099999"
hendon london,2022-11-22T03:00:00,5.8,2.2,2.9,81.14,0.038,100,rain,0,0,25.9,19.5,232,985.4,71.9,14.1,0,0,0,,"Rain, Partially cloudy",rain,"03680099999,03672099999,03781099999,03772099999,03770099999"
hendon london,2022-11-22T04:00:00,5.7,1.9,2.9,82.48,0,0,,0,0,24.1,20.1,241,986,70.9,14.1,0,0,0,,Partially cloudy,partly-cloudy-night,"03680099999,03672099999,03781099999,03772099999,03770099999"
hendon london,2022-11-22T05:00:00,5.7,2.6,3.1,83.08,0,0,,0,0,22.3,15.5,238,986,71.9,14.1,0,0,0,,Partially cloudy,partly-cloudy-night,"03680099999,03672099999,03781099999,03772099999,03770099999"
hendon london,2022-11-22T06:00:00,5.7,2.5,3.1,83.01,0,0,,0,0,18.4,16.2,245,986,70.9,14.1,0,0,0,,Partially cloudy,partly-cloudy-night,"03680099999,03672099999,03781099999,03772099999,03770099999"
hendon london,2022-11-22T07:00:00,5.2,2,3.2,86.98,0,0,,0,0,18.4,15.2,251,986.3,16.1,14.1,0,0,0,,Clear,clear-night,"03680099999,03672099999,03781099999,03772099999,03770099999"
hendon london,2022-11-22T08:00:00,5.1,1.9,3.3,88.29,0,0,,0,0,18.4,15.2,247,987,40.1,14.1,12,0,0,,Partially cloudy,partly-cloudy-day,"03680099999,D4121,03672099999,03781099999,03772099999,03770099999"
hendon london,2022-11-22T09:00:00,5.6,2.8,4.3,90.83,0,0,,0,0,18.4,13.8,251,987.1,55.5,13.6,62,0.2,1,,Partially cloudy,partly-cloudy-day,"03680099999,D4121,03672099999,03781099999,03772099999,03770099999"
hendon london,2022-11-22T10:00:00,7.1,4.1,5.2,87.79,0,0,,0,0,22.3,17.2,254,987.4,46.8,13.1,238,0.9,2,,Partially cloudy,partly-cloudy-day,"03680099999,D4121,03672099999,03781099999,03772099999,03770099999"
hendon london,2022-11-22T11:00:00,8.7,6.1,5.8,82.38,0,0,,0,0,25.9,16.1,258,987.4,46.8,14.1,86,0.3,1,,Partially cloudy,partly-cloudy-day,"03680099999,D4121,03672099999,03781099999,03772099999,03770099999"
hendon london,2022-11-22T12:00:00,9.7,7.8,6,77.64,0,0,,0,0,20.5,13.1,262,987.4,53,13.6,160,0.6,2,,Partially cloudy,partly-cloudy-day,"03680099999,D4121,03672099999,03781099999,03772099999,03770099999"
hendon london,2022-11-22T13:00:00,9.8,7.8,5.7,75.62,0,0,,0,0,22.3,14.8,281,988,54,13.6,161,0.6,2,,Partially cloudy,partly-cloudy-day,"03680099999,D4121,03672099999,03781099999,03772099999,03770099999"
hendon london,2022-11-22T14:00:00,10.3,10.3,5.5,72.27,0,0,,0,0,14.8,12,284,988.4,37.2,13.6,41,0.1,0,,Partially cloudy,partly-cloudy-day,"03680099999,D4121,03672099999,03781099999,03772099999,03770099999"
hendon london,2022-11-22T15:00:00,9.3,6.9,4.4,71.3,0,0,,0,0,14.8,16.5,277,989.1,24.7,13.6,30,0.1,0,,Partially cloudy,partly-cloudy-day,"03680099999,D4121,03672099999,03781099999,03772099999,03770099999"
hendon london,2022-11-22T16:00:00,8.9,7,4.7,75.11,0,0,,0,0,18.4,11.9,280,990,22.6,14.1,14,0.1,0,,Partially cloudy,partly-cloudy-day,"03680099999,D4121,03672099999,03781099999,03772099999,03770099999"
hendon london,2022-11-22T17:00:00,8.5,6.5,4.8,77.85,0,0,,0,0,13,11.7,268,990.5,55.5,14.1,0,0,0,,Partially cloudy,partly-cloudy-night,"03680099999,03672099999,03781099999,03772099999,03770099999"
hendon london,2022-11-22T18:00:00,7.2,5,4.4,82.51,0,0,,0,0,14.8,11.2,276,991.3,43.8,14.1,0,0,0,,Partially cloudy,partly-cloudy-night,"03680099999,03672099999,03781099999,03772099999,03770099999"
hendon london,2022-11-22T19:00:00,7.1,4.9,4.9,85.85,0,0,,0,0,16.6,11.5,257,992,80.8,14.1,0,0,0,,Partially cloudy,partly-cloudy-night,"03680099999,03672099999,03781099999,03772099999,03770099999"
hendon london,2022-11-22T20:00:00,6.6,5.1,4.2,84.63,0,0,,0,0,11.2,7.9,263,992.1,18.5,13.6,0,0,0,,Clear,clear-night,"03680099999,03672099999,03781099999,03772099999,03770099999"
hendon london,2022-11-22T21:00:00,5.4,3.4,4.2,91.78,0,0,,0,0,13,8.9,241,992.4,0,12.6,0,0,0,,Clear,clear-night,"03680099999,03672099999,03781099999,03772099999,03770099999"
hendon london,2022-11-22T22:00:00,4.8,3.4,3.8,93.3,0,0,,0,0,11.2,6.3,209,993,36.6,10.8,0,0,0,,Partially cloudy,partly-cloudy-night,"03680099999,03672099999,03781099999,03772099999,03770099999"
hendon london,2022-11-22T23:00:00,4.1,2.4,3.3,94.7,0,0,,0,0,18.4,6.8,183,993.1,33.6,10.1,0,0,0,,Partially cloudy,partly-cloudy-night,"03680099999,03672099999,03781099999,03772099999,03770099999"
hendon london,2022-11-23T00:00:00,4.1,3.1,3.6,96.23,0,0,,0,0,14.8,4.9,180,993.1,32.5,7.9,0,0,0,,Partially cloudy,partly-cloudy-night,"03680099999,03672099999,03781099999,03772099999,03770099999"
hendon london,2022-11-23T01:00:00,4.3,3.3,4,98,0,0,,0,0,18.4,5.1,178,993.1,46.6,6.1,0,0,0,,Partially cloudy,partly-cloudy-night,"03680099999,03672099999,03781099999,03772099999,03770099999"
hendon london,2022-11-23T02:00:00,4.5,3.3,4.1,97.46,0,0,,0,0,16.6,5.5,148,992.2,89,8.6,0,0,0,,Partially cloudy,partly-cloudy-night,"03680099999,03672099999,03781099999,03772099999,03770099999"
hendon london,2022-11-23T03:00:00,4,2.8,3.4,95.4,0,0,,0,0,13,5.6,117,991.2,8.4,9.6,0,0,0,,Clear,clear-night,"03680099999,03672099999,03781099999,03772099999,03770099999"
hendon london,2022-11-23T04:00:00,3.8,2.8,3.5,97.58,0.011,100,rain,0,0,18.4,4.9,93,990.3,33.9,9.1,0,0,0,,"Rain, Partially cloudy",rain,"03680099999,03672099999,03781099999,03772099999,03770099999"
hendon london,2022-11-23T05:00:00,4.6,2.3,4.4,99.05,0,0,,0,0,25.9,9.3,137,989.9,14,11.5,0,0,0,,Clear,clear-night,"03680099999,03672099999,03781099999,03772099999,03770099999"
hendon london,2022-11-23T06:00:00,5.5,2.8,5,96.65,0.029,100,rain,0,0,27.7,12.1,142,988.9,56.1,11.4,0,0,0,,"Rain, Partially cloudy",rain,"03680099999,03672099999,03781099999,03772099999,03770099999"
hendon london,2022-11-23T07:00:00,7.4,4.3,6.7,95.28,0,0,,0,0,37.1,19,149,987.3,91,9,0,0,0,,Overcast,cloudy,"03680099999,03672099999,03781099999,03772099999,03770099999"
hendon london,2022-11-23T08:00:00,9.1,6.2,8.2,94.04,0.241,100,rain,0,0,40.7,20.5,152,986.3,97.2,6.6,5,0,0,,"Rain, Overcast",rain,"03680099999,F6665,03672099999,03781099999,03772099999,03770099999"
hendon london,2022-11-23T09:00:00,10,10,9.4,96.06,1.171,100,rain,0,0,42.5,27.6,183,985.5,100,6.4,11,0,0,,"Rain, Overcast",rain,"03680099999,D4121,03672099999,03781099999,03772099999,03770099999"
hendon london,2022-11-23T10:00:00,10.7,10.7,8.8,87.91,0.822,100,rain,0,0,53.6,26.2,257,987.3,65.8,14.1,43,0.2,0,,"Rain, Partially cloudy",rain,"03680099999,D4121,03672099999,03781099999,03772099999,03770099999"
hendon london,2022-11-23T11:00:00,11.3,11.3,7.5,77.64,0,0,,0,0,42.5,30.9,257,988.4,42.8,12.6,78,0.3,1,,Partially cloudy,partly-cloudy-day,"03680099999,D4121,03672099999,03781099999,03772099999,03770099999"
hendon london,2022-11-23T12:00:00,11.7,11.7,6.6,70.87,0.292,100,rain,0,0,42.5,27.6,256,989.4,33.6,12.1,195,0.7,2,,"Rain, Partially cloudy",rain,"03680099999,D4121,03672099999,03781099999,03772099999,03770099999"
hendon london,2022-11-23T13:00:00,11.8,11.8,6.4,69.56,0,0,,0,0,29.5,25.4,240,990.4,33.6,12.1,226,0.8,2,,Partially cloudy,partly-cloudy-day,"03680099999,D4121,03672099999,03781099999,03772099999,03770099999"
hendon london,2022-11-23T14:00:00,11.9,11.9,5.6,64.99,0,0,,0,0,31.7,26.2,236,991.3,48.9,11.6,223,0.8,2,,Partially cloudy,partly-cloudy-day,"03680099999,D4121,03672099999,03781099999,03772099999,03770099999"
hendon london,2022-11-23T15:00:00,11.8,11.8,4.9,62.56,0,0,,0,0,37.1,24.1,238,991.5,66.4,12.6,78,0.3,1,,Partially cloudy,partly-cloudy-day,"03680099999,D4121,03672099999,03781099999,03772099999,03770099999"
hendon london,2022-11-23T16:00:00,10.3,10.3,4.8,68.7,0,0,,0,0,37.1,16.2,235,993.3,21.6,13.1,12,0,0,,Partially cloudy,partly-cloudy-day,"03680099999,D4121,03672099999,03781099999,03772099999,03770099999"
hendon london,2022-11-23T17:00:00,9.5,7.4,5.4,75.64,0,0,,0,0,29.5,14.7,217,994,0,11,0,0,0,,Clear,clear-night,"03680099999,03672099999,03781099999,03772099999,03770099999"
hendon london,2022-11-23T18:00:00,9.7,7.3,5.8,76.36,0,0,,0,0,25.9,17.3,220,994.4,58.6,11.1,0,0,0,,Partially cloudy,partly-cloudy-night,"03680099999,03672099999,03781099999,03772099999,03770099999"
hendon london,2022-11-23T19:00:00,9.9,7.5,5.8,75.93,0,0,,0,0,29.5,17.9,216,994.5,56.5,10.5,0,0,0,,Partially cloudy,partly-cloudy-night,"03680099999,03672099999,03781099999,03772099999,03770099999"
hendon london,2022-11-23T20:00:00,9.7,7,5.7,76.05,0,0,,0,0,29.5,19.9,217,995.4,70.6,12.1,0,0,0,,Partially cloudy,partly-cloudy-night,"03680099999,03672099999,03781099999,03772099999,03770099999"
hendon london,2022-11-23T21:00:00,9.2,6.6,5.1,75.41,0.192,100,rain,0,0,22.3,18.2,213,996.4,34.9,10.8,0,0,0,,"Rain, Partially cloudy",rain,"03680099999,03672099999,03781099999,03772099999,03770099999"
hendon london,2022-11-23T22:00:00,9,6.4,5.2,76.84,0,0,,0,0,37.1,17.1,227,997,36.3,10,0,0,0,,Partially cloudy,partly-cloudy-night,"03680099999,03672099999,03772099999,03770099999"
hendon london,2022-11-23T23:00:00,9.1,6.9,5.3,77.27,0,0,,0,0,24.1,14.3,221,997.4,82.9,10.7,0,0,0,,Partially cloudy,partly-cloudy-night,"03680099999,03672099999,03781099999,03772099999,03770099999"
hendon london,2022-11-24T00:00:00,9.2,6.8,5.4,76.99,0.072,100,rain,0,0,24.1,16.8,229,998.3,79.8,11.7,0,0,0,,"Rain, Partially cloudy",rain,"03680099999,03672099999,03781099999,03772099999,03770099999"
hendon london,2022-11-24T01:00:00,8.2,5.2,4.8,78.78,0.038,100,rain,0,0,31.7,19.2,258,999.4,58.6,12.6,0,0,0,,"Rain, Partially cloudy",rain,"03680099999,03672099999,03781099999,03772099999,03770099999"
hendon london,2022-11-24T02:00:00,6.8,4.4,4,82.63,0,0,,0,0,22.3,12,231,1000.9,18.5,14.1,0,0,0,,Clear,clear-night,"03680099999,03672099999,03781099999,03772099999,03770099999"
hendon london,2022-11-24T03:00:00,6.6,4.5,4.1,84.01,0,0,,0,0,24.1,10.2,218,1002,8.4,13.6,0,0,0,,Clear,clear-night,"03680099999,03672099999,03781099999,03772099999,03770099999"
hendon london,2022-11-24T04:00:00,6.6,4.3,4.1,84.37,0.019,100,rain,0,0,25.9,11.3,208,1002.4,0,11.8,0,0,0,,Rain,rain,"03680099999,03672099999,03781099999,03772099999,03770099999"
hendon london,2022-11-24T05:00:00,5.9,3.5,3.7,85.83,0,0,,0,0,20.5,11,202,1003.1,0,11.7,0,0,0,,Clear,clear-night,"03680099999,03672099999,03781099999,03772099999,03770099999"
hendon london,2022-11-24T06:00:00,6.1,3.4,4.1,86.95,0,0,,0,0,24.1,12.8,204,1004.1,0,10.7,0,0,0,,Clear,clear-night,"03680099999,03672099999,03781099999,03772099999,03770099999"
hendon london,2022-11-24T07:00:00,6.5,4.5,4.2,85.19,0,0,,0,0,16.6,10.1,172,1004.2,25.3,10.5,0,0,0,,Partially cloudy,partly-cloudy-night,"03680099999,03672099999,03781099999,03772099999,03770099999"
hendon london,2022-11-24T08:00:00,7.2,5.3,5.1,86.13,0,0,,0,0,20.5,10.1,178,1004.5,58.6,10.4,21,0.1,0,,Partially cloudy,partly-cloudy-day,"03680099999,D4121,03672099999,03781099999,03772099999,03770099999"
hendon london,2022-11-24T09:00:00,8.4,6.6,5.8,83.85,0.064,100,rain,0,0,20.5,10.6,163,1004.2,75.7,10.5,57,0.2,1,,"Rain, Partially cloudy",rain,"03680099999,D4121,03672099999,03781099999,03772099999,03770099999"
hendon london,2022-11-24T10:00:00,9.5,7.7,6.8,83.21,0,0,,0,0,22.3,11.6,157,1004.2,88.7,10.2,95,0.3,1,,Partially cloudy,partly-cloudy-day,"03680099999,D4121,03672099999,03781099999,03772099999,03770099999"
hendon london,2022-11-24T11:00:00,11.7,11.7,8.6,80.87,0,0,,0,0,38.9,20.3,184,1003.8,97.2,10.2,81,0.3,1,,Overcast,cloudy,"03680099999,D4121,03672099999,03781099999,03772099999,03770099999"
hendon london,2022-11-24T12:00:00,12.7,12.7,8.4,74.84,0,0,,0,0,50,27.1,190,1002.3,66.4,10.6,154,0.6,2,,Partially cloudy,partly-cloudy-day,"03680099999,D4121,03672099999,03781099999,03772099999,03770099999"
hendon london,2022-11-24T13:00:00,12.9,12.9,8.4,74.24,0,0,,0,0,51.8,28.8,191,1001.2,97.2,10.6,134,0.5,1,,Overcast,cloudy,"03680099999,D4121,03672099999,03781099999,03772099999,03770099999"
hendon london,2022-11-24T14:00:00,13,13,8.7,75.45,0,0,,0,0,51.8,25.9,188,1001.1,97.2,9.9,86,0.3,1,,Overcast,cloudy,"03680099999,D4121,03672099999,03781099999,03772099999,03770099999"
hendon london,2022-11-24T15:00:00,12.6,12.6,9.1,78.98,0.077,100,rain,0,0,50,28.5,190,1000.1,97.2,10.5,27,0.1,0,,"Rain, Overcast",rain,"03680099999,D4121,03672099999,03781099999,03772099999,03770099999"
hendon london,2022-11-24T16:00:00,12.1,12.1,9.4,83.55,0.134,100,rain,0,0,50,28.4,215,1000,97.2,8.7,10,0,0,,"Rain, Overcast",rain,"03680099999,D4121,03672099999,03781099999,03772099999,03770099999"
hendon london,2022-11-24T17:00:00,11.2,11.2,8.8,85.33,0.792,100,rain,0,0,44.6,21.4,211,1000.4,100,13.6,0,0,0,,"Rain, Overcast",rain,"03680099999,03672099999,03781099999,03772099999,03770099999"
hendon london,2022-11-24T18:00:00,9.8,7.6,8,88.14,0.398,100,rain,0,0,31.7,16.1,210,1001.1,4.1,11,0,0,0,,Rain,rain,"03680099999,03672099999,03781099999,03772099999,03770099999"
hendon london,2022-11-24T19:00:00,9.9,7.9,7.9,87.28,0,0,,0,0,18.4,14,216,1002,62.7,10.5,0,0,0,,Partially cloudy,partly-cloudy-night,"03680099999,03672099999,03781099999,03772099999,03770099999"
hendon london,2022-11-24T20:00:00,9.3,7.3,7.3,87.74,0,0,,0,0,14.8,13.1,208,1002.4,67.8,10,0,0,0,,Partially cloudy,partly-cloudy-night,"03680099999,03672099999,03781099999,03772099999,03770099999"
hendon london,2022-11-24T21:00:00,9.1,7.1,7,86.91,0.652,100,rain,0,0,14.8,12.5,191,1002.5,64.7,10.1,0,0,0,,"Rain, Partially cloudy",rain,"03680099999,03672099999,03781099999,03772099999,03770099999"
hendon london,2022-11-24T22:00:00,8.4,6.4,6.1,85.37,0,0,,0,0,27.7,11.7,180,1003,48.8,10,0,0,0,,Partially cloudy,partly-cloudy-night,"03672099999,03772099999"
hendon london,2022-11-24T23:00:00,8.8,6.3,6.2,83.83,0,0,,0,0,18.4,15.7,200,1003,19.5,10.8,0,0,0,,Clear,clear-night,"03680099999,03672099999,03781099999,03772099999,03770099999"
hendon london,2022-11-25T00:00:00,8.5,6,6,84.38,0,0,,0,0,24.1,16,200,1003.5,0,10.7,0,0,0,,Clear,clear-night,"03680099999,03672099999,03781099999,03772099999,03770099999"
hendon london,2022-11-25T01:00:00,8.5,6.3,5.7,82.6,0.019,100,rain,0,0,25.9,13.8,219,1004,8.4,10.6,0,0,0,,Rain,rain,"03680099999,03672099999,03781099999,03772099999,03770099999"
hendon london,2022-11-25T02:00:00,8.4,6.1,5.8,83.86,0,0,,0,0,22.3,14,226,1005,18.5,10.5,0,0,0,,Clear,clear-night,"03680099999,03672099999,03781099999,03772099999,03770099999"
hendon london,2022-11-25T03:00:00,8.5,6.1,6,84.04,0,0,,0,0,22.3,14.7,229,1005.4,0,10.5,0,0,0,,Clear,clear-night,"03680099999,03672099999,03781099999,03772099999,03770099999"
hendon london,2022-11-25T04:00:00,8.4,6.2,5.6,82.75,0,0,,0,0,18.4,13.2,233,1006.4,0,10.3,0,0,0,,Clear,clear-night,"03680099999,03672099999,03781099999,03772099999,03770099999"
hendon london,2022-11-25T05:00:00,8.2,5.8,5.9,85.29,0,0,,0,0,20.5,14.2,231,1007.5,0,10.4,0,0,0,,Clear,clear-night,"03680099999,03672099999,03781099999,03772099999,03770099999"
hendon london,2022-11-25T06:00:00,8.2,5.6,5.9,85.23,0,0,,0,0,20.5,16.2,238,1008.5,0,10.6,0,0,0,,Clear,clear-night,"03680099999,03672099999,03781099999,03772099999,03770099999"
hendon london,2022-11-25T07:00:00,7.6,4.8,5.6,86.92,0,0,,0,0,22.3,16.9,261,1010.4,0,11,0,0,0,,Clear,clear-night,"03680099999,03672099999,03781099999,03772099999,03770099999"
hendon london,2022-11-25T08:00:00,7,4.8,5,87.14,0,0,,0,0,24.1,11,259,1012.3,8,11.7,12,0,0,,Clear,clear-day,"03680099999,D4121,03672099999,03781099999,03772099999,03770099999"
hendon london,2022-11-25T09:00:00,8,5.6,5.8,86.51,0,0,,0,0,24.1,13.5,263,1013.4,0,11.8,30,0.1,0,,Clear,clear-day,"03680099999,D4121,03672099999,03781099999,03772099999,03770099999"
hendon london,2022-11-25T10:00:00,9.1,6.7,6.1,81.39,0,0,,0,0,22.3,16.1,261,1015,0,12.6,157,0.6,2,,Clear,clear-day,"03680099999,D4121,03672099999,03781099999,03772099999,03770099999"
hendon london,2022-11-25T11:00:00,10.8,10.8,6.4,74.41,0,0,,0,0,24.1,16.6,254,1015.4,0,12.1,76,0.3,1,,Clear,clear-day,"03680099999,D4121,03672099999,03781099999,03772099999,03770099999"
hendon london,2022-11-25T12:00:00,11.9,11.9,6.2,67.89,0,0,,0,0,22.3,16.4,253,1016.3,18.5,11.8,208,0.7,2,,Clear,clear-day,"03680099999,D4121,03672099999,03781099999,03772099999,03770099999"
hendon london,2022-11-25T13:00:00,11.7,11.7,5.7,66.58,0,0,,0,0,29.5,14.7,257,1017.3,18.5,12.6,267,1,3,,Clear,clear-day,"03680099999,D4121,03672099999,03781099999,03772099999,03770099999"
hendon london,2022-11-25T14:00:00,12.1,12.1,5.8,65.33,0,0,,0,0,27.7,19.9,261,1018,18.5,11.8,174,0.6,2,,Clear,clear-day,"03680099999,D4121,03672099999,03781099999,03772099999,03770099999"
hendon london,2022-11-25T15:00:00,11.6,11.6,5.9,68.36,0,0,,0,0,24.1,13.7,250,1018.5,18.5,11.5,42,0.2,0,,Clear,clear-day,"03680099999,D4121,03672099999,03781099999,03772099999,03770099999"
hendon london,2022-11-25T16:00:00,10.3,10.3,5.9,74.04,0,0,,0,0,18.4,10.6,228,1019.4,18.5,11.7,13,0,0,,Clear,clear-night,"03680099999,D4121,03672099999,03781099999,03772099999,03770099999"
hendon london,2022-11-25T17:00:00,9.2,7.6,5.8,79.29,0,0,,0,0,14.8,10.4,220,1020.4,0,11.4,0,0,0,,Clear,clear-night,"03680099999,03672099999,03781099999,03772099999,03770099999"
hendon london,2022-11-25T18:00:00,8.5,6.8,5.8,83.25,0,0,,0,0,14.8,10.1,207,1021.4,0,10.8,0,0,0,,Clear,clear-night,"03680099999,03672099999,03781099999,03772099999,03770099999"
hendon london,2022-11-25T19:00:00,8.3,7,5.8,84.45,0,0,,0,0,18.4,8.3,198,1022.1,2.7,11,0,0,0,,Clear,clear-night,"03680099999,03672099999,03781099999,03772099999,03770099999"
hendon london,2022-11-25T20:00:00,8.1,7.1,5.9,86.04,0,0,,0,0,16.6,7,208,1023,0,10.7,0,0,0,,Clear,clear-night,"03680099999,03672099999,03781099999,03772099999,03770099999"
hendon london,2022-11-25T21:00:00,7.5,5.7,5.6,87.78,0,0,,0,0,14.8,10.1,204,1023.1,0,10.3,0,0,0,,Clear,clear-night,"03680099999,03672099999,03781099999,03772099999,03770099999"
hendon london,2022-11-25T22:00:00,7.4,6,5.9,90.23,0,0,,0,0,20.5,7.8,195,1023.5,2.7,10.2,0,0,0,,Clear,clear-night,"03680099999,03672099999,03781099999,03772099999,03770099999"
hendon london,2022-11-25T23:00:00,7.2,5.7,6.1,92.81,0,0,,0,0,16.6,8.4,219,1024.1,61.7,10,0,0,0,,Partially cloudy,partly-cloudy-night,"03680099999,03672099999,03781099999,03772099999,03770099999"
hendon london,2022-11-26T00:00:00,7.1,5.6,6.2,93.96,0,0,,0,0,14.8,7.8,213,1024.5,70.9,10,0,0,0,,Partially cloudy,partly-cloudy-night,"03680099999,03672099999,03781099999,03772099999,03770099999"
hendon london,2022-11-26T01:00:00,6.7,5.7,5.8,93.54,0,0,,0,0,14.8,5.9,198,1024.2,18.5,10,0,0,0,,Clear,clear-night,"03680099999,03672099999,03781099999,03772099999,03770099999"
hendon london,2022-11-26T02:00:00,7.2,6.4,6.4,94.88,0.011,100,rain,0,0,16.6,5.6,314,1024.5,67.8,10.1,0,0,0,,"Rain, Partially cloudy",rain,"03680099999,03672099999,03781099999,03772099999,03770099999"
hendon london,2022-11-26T03:00:00,7.3,6.2,6.9,97.29,0,0,,0,0,16.6,6.8,212,1024.5,71.9,10.6,0,0,0,,Partially cloudy,partly-cloudy-night,"03680099999,03672099999,03781099999,03772099999,03770099999"
hendon london,2022-11-26T04:00:00,7.7,6.5,6.9,94.81,0,0,,0,0,14.8,7.3,206,1024.5,61.7,10.2,0,0,0,,Partially cloudy,partly-cloudy-night,"03680099999,03672099999,03781099999,03772099999,03770099999"
hendon london,2022-11-26T05:00:00,7.9,6.8,7.1,94.67,0,0,,0,0,16.6,7.1,195,1024.2,61.7,10.3,0,0,0,,Partially cloudy,partly-cloudy-night,"03680099999,03672099999,03781099999,03772099999,03770099999"
hendon london,2022-11-26T06:00:00,8.1,7.2,7,92.62,0,0,,0,0,11.2,6.3,180,1024.5,88,10.5,0,0,0,,Partially cloudy,partly-cloudy-night,"03680099999,03672099999,03781099999,03772099999,03770099999"
hendon london,2022-11-26T07:00:00,7.4,6.8,6.5,94.04,0,0,,0,0,14.8,5.2,148,1024.5,89.7,10.7,0,0,0,,Partially cloudy,partly-cloudy-night,"03680099999,03672099999,03781099999,03772099999,03770099999"
hendon london,2022-11-26T08:00:00,8.6,7.2,7.8,94.18,0,0,,0,0,14.8,9.4,172,1024.2,84.6,10.7,9,0,0,,Partially cloudy,partly-cloudy-day,"03680099999,D4121,03672099999,03781099999,03772099999,03770099999"
hendon london,2022-11-26T09:00:00,9.7,8,7.9,88.98,0,0,,0,0,18.4,11.2,164,1024.2,58.6,10.5,63,0.2,1,,Partially cloudy,partly-cloudy-day,"03680099999,D4121,03672099999,03781099999,03772099999,03770099999"
hendon london,2022-11-26T10:00:00,10.7,10.7,8.8,87.82,0,0,,0,0,31.7,16.1,191,1024.1,68,10.3,151,0.5,2,,Partially cloudy,partly-cloudy-day,"03680099999,D4121,03672099999,03781099999,03772099999,03770099999"
hendon london,2022-11-26T11:00:00,11.7,11.7,9,83.45,0,0,,0,0,25.9,17.9,199,1024,86.9,10.7,109,0.4,1,,Partially cloudy,partly-cloudy-day,"03680099999,D4121,03672099999,03781099999,03772099999,03770099999"
hendon london,2022-11-26T12:00:00,12,12,8.8,80.72,0,0,,0,0,38.9,19,196,1023.2,74.7,11.8,121,0.4,1,,Partially cloudy,partly-cloudy-day,"03680099999,D4121,03672099999,03781099999,03772099999,03770099999"
hendon london,2022-11-26T13:00:00,12.2,12.2,8.5,78.18,0,0,,0,0,38.9,22.2,204,1023,91,11.7,118,0.4,1,,Overcast,cloudy,"03680099999,D4121,03672099999,03781099999,03772099999,03770099999"
hendon london,2022-11-26T14:00:00,12,12,8.1,76.79,0,0,,0,0,33.5,21,197,1022.1,91,12.1,38,0.1,0,,Overcast,cloudy,"03680099999,D4121,03672099999,03781099999,03772099999,03770099999"
hendon london,2022-11-26T15:00:00,11.9,11.9,8.2,78.34,0,0,,0,0,38.9,19.4,191,1022,91,11.9,22,0.1,0,,Overcast,cloudy,"03680099999,D4121,03672099999,03781099999,03772099999,03770099999"
hendon london,2022-11-26T16:00:00,11.9,11.9,8.8,81.31,0,0,,0,0,38.9,22.3,190,1021.1,80.3,11.5,13,0,0,,Partially cloudy,partly-cloudy-night,"03680099999,D4121,03672099999,03781099999,03772099999,03770099999"
hendon london,2022-11-26T17:00:00,11.9,11.9,8.9,81.92,0,0,,0,0,35.3,19.9,184,1020.1,91,11.7,0,0,0,,Overcast,cloudy,"03680099999,03672099999,03781099999,03772099999,03770099999"
hendon london,2022-11-26T18:00:00,11.9,11.9,8.9,82.11,0,0,,0,0,44.6,21.2,184,1020,79.8,10.1,0,0,0,,Partially cloudy,partly-cloudy-night,"03680099999,03672099999,03781099999,03772099999,03770099999"
hendon london,2022-11-26T19:00:00,11.8,11.8,9.1,83.95,0,0,,0,0,40.7,23,190,1019.1,93.8,10.9,0,0,0,,Overcast,cloudy,"03680099999,03672099999,03781099999,03772099999,03770099999"
hendon london,2022-11-26T20:00:00,11.8,11.8,9.1,83.8,0,0,,0,0,40.7,23.7,190,1018.1,97.2,10.9,0,0,0,,Overcast,cloudy,"03680099999,03672099999,03781099999,03772099999,03770099999"
hendon london,2022-11-26T21:00:00,12,12,9.2,82.53,0,0,,0,0,44.6,27.1,190,1017.2,97.2,10.7,0,0,0,,Overcast,cloudy,"03680099999,03672099999,03781099999,03772099999,03770099999"
hendon london,2022-11-26T22:00:00,12.1,12.1,9.1,81.89,0,0,,0,0,40,27.7,197,1017,100,10,0,0,0,,Overcast,cloudy,"03672099999,03772099999"
hendon london,2022-11-26T23:00:00,11.8,11.8,9.2,83.96,0.03,100,rain,0,0,53.6,28.6,187,1016.1,100,9.4,0,0,0,,"Rain, Overcast",rain,"03680099999,03672099999,03781099999,03772099999,03770099999"
hendon london,2022-11-27T00:00:00,10.9,10.9,9.6,91.77,0.644,100,rain,0,0,50,26,187,1015.8,100,6.9,0,0,0,,"Rain, Overcast",rain,"03680099999,03672099999,03781099999,03772099999,03770099999"
hendon london,2022-11-27T01:00:00,10.8,10.8,9.4,91.19,0.531,100,rain,0,0,44.6,26.4,190,1015.1,100,7.4,0,0,0,,"Rain, Overcast",rain,"03680099999,03672099999,03781099999,03772099999,03770099999"
hendon london,2022-11-27T02:00:00,10.8,10.8,9.8,93.6,0.457,100,rain,0,0,42.5,20.2,189,1014.2,100,8.9,0,0,0,,"Rain, Overcast",rain,"03680099999,03672099999,03781099999,03772099999,03770099999"
hendon london,2022-11-27T03:00:00,11,11,10.2,95.2,0.226,100,rain,0,0,33.5,18.6,190,1014.1,97.2,8.2,0,0,0,,"Rain, Overcast",rain,"03680099999,03672099999,03781099999,03772099999,03770099999"
hendon london,2022-11-27T04:00:00,11.6,11.6,10.8,94.51,0.169,100,rain,0,0,31.7,16.4,187,1014.1,97.2,7.9,0,0,0,,"Rain, Overcast",rain,"03680099999,03672099999,03781099999,03772099999,03770099999"
hendon london,2022-11-27T05:00:00,11.7,11.7,10.9,95.01,0.087,100,rain,0,0,29.5,15.6,187,1014.1,97.2,7.4,0,0,0,,"Rain, Overcast",rain,"03680099999,03672099999,03781099999,03772099999,03770099999"
hendon london,2022-11-27T06:00:00,11.8,11.8,11,94.95,0.433,100,rain,0,0,25.9,13.8,190,1014,100,11.1,0,0,0,,"Rain, Overcast",rain,"03680099999,03672099999,03781099999,03772099999,03770099999"
hendon london,2022-11-27T07:00:00,11.9,11.9,11.1,94.71,0.322,100,rain,0,0,24.1,11,200,1014.1,100,7.6,0,0,0,,"Rain, Overcast",rain,"03680099999,03672099999,03781099999,03772099999,03770099999"
hendon london,2022-11-27T08:00:00,11.9,11.9,11.5,97.14,0.117,100,rain,0,0,22.3,10.6,185,1013.2,86,9.6,5,0,0,,"Rain, Partially cloudy",rain,"03680099999,F6665,03672099999,03781099999,03772099999,03770099999"
hendon london,2022-11-27T09:00:00,12,12,11.8,98.62,1.457,100,rain,0,0,20.5,10.2,216,1014,79.8,9.7,11,0,0,,"Rain, Partially cloudy",rain,"03680099999,D4121,03672099999,03781099999,03772099999,03770099999"
hendon london,2022-11-27T10:00:00,12.4,12.4,11.8,96.13,0.107,100,rain,0,0,16.6,10.1,190,1013.2,91,10,42,0.2,0,,"Rain, Overcast",rain,"03680099999,D4121,03672099999,03781099999,03772099999,03770099999"
hendon london,2022-11-27T11:00:00,12.7,12.7,11.9,94.83,0.077,100,rain,0,0,18.4,9.7,175,1013.1,79.8,11.3,56,0.2,1,,"Rain, Partially cloudy",rain,"03680099999,D4121,03672099999,03781099999,03772099999,03770099999"
hendon london,2022-11-27T12:00:00,12.8,12.8,12,94.86,0.157,100,rain,0,0,16.6,8.8,198,1012.2,91,12.1,58,0.2,1,,"Rain, Overcast",rain,"03680099999,D4121,03672099999,03781099999,03772099999,03770099999"
hendon london,2022-11-27T13:00:00,12.9,12.9,12,94.03,0,0,,0,0,18.4,10.6,202,1011.2,91,11.1,51,0.2,1,,Overcast,cloudy,"03680099999,D4121,03672099999,03781099999,03772099999,03770099999"
hendon london,2022-11-27T14:00:00,12.9,12.9,11.8,93.07,0,0,,0,0,20.5,11.3,230,1011.1,79.8,10.1,37,0.1,0,,Partially cloudy,partly-cloudy-day,"03680099999,D4121,03672099999,03781099999,03772099999,03770099999"
hendon london,2022-11-27T15:00:00,12.7,12.7,11.2,90.66,0.011,100,rain,0,0,22.3,10.9,230,1010.2,65.8,10.7,16,0.1,0,,"Rain, Partially cloudy",rain,"03680099999,D4121,03672099999,03781099999,03772099999,03770099999"
hendon london,2022-11-27T16:00:00,11.8,11.8,10.4,90.91,0.109,100,rain,0,0,24.1,10.7,225,1010.1,65.8,9.6,8,0,0,,"Rain, Partially cloudy",rain,"03680099999,D4121,03672099999,03781099999,03772099999,03770099999"
hendon london,2022-11-27T17:00:00,11.4,11.4,9.9,90.59,0.021,100,rain,0,0,18.4,10.1,217,1010.1,65.8,10,0,0,0,,"Rain, Partially cloudy",rain,"03680099999,03672099999,03781099999,03772099999,03770099999"
hendon london,2022-11-27T18:00:00,10.9,10.9,10.1,94.3,0.186,100,rain,0,0,13,11.3,209,1009.1,65.8,10.7,0,0,0,,"Rain, Partially cloudy",rain,"03680099999,03672099999,03781099999,03772099999,03770099999"
hendon london,2022-11-27T19:00:00,10.7,10.7,9.9,95.16,0.011,100,rain,0,0,13,6.1,212,1008.2,91,10,0,0,0,,"Rain, Overcast",rain,"03680099999,03672099999,03781099999,03772099999,03770099999"
hendon london,2022-11-27T20:00:00,10.6,10.6,9.8,95.21,0.109,100,rain,0,0,16.6,7.9,210,1008.4,54,10.3,0,0,0,,"Rain, Partially cloudy",rain,"03680099999,03672099999,03781099999,03772099999,03770099999"
hendon london,2022-11-27T21:00:00,10.5,10.5,9.5,93.64,0.064,100,rain,0,0,18.4,11.7,229,1008.2,86,9.4,0,0,0,,"Rain, Partially cloudy",rain,"03680099999,03672099999,03781099999,03772099999,03770099999"
hendon london,2022-11-27T22:00:00,10.1,10.1,9.7,97.93,0,0,,0,0,14.4,5.4,247,1008,68.7,8.6,0,0,0,,Partially cloudy,partly-cloudy-night,"03672099999,03772099999"
hendon london,2022-11-27T23:00:00,9.8,8.8,9,94.88,0,0,,0,0,11.2,8.1,252,1008.2,73.2,8,0,0,0,,Partially cloudy,partly-cloudy-night,"03680099999,03672099999,03781099999,03772099999,03770099999"
hendon london,2022-11-28T00:00:00,9.1,9.1,8.4,95.32,0.04,100,rain,0,0,13,4.8,249,1008.1,55.5,6.7,0,0,0,,"Rain, Partially cloudy",rain,"03680099999,03672099999,03781099999,03772099999,03770099999"
hendon london,2022-11-28T01:00:00,7.7,6.6,7.3,97.31,0,0,,0,0,11.2,6.9,172,1008.1,39.3,4.6,0,0,0,,Partially cloudy,partly-cloudy-night,"03680099999,03672099999,03781099999,03772099999,03770099999"
hendon london,2022-11-28T02:00:00,7.4,7.4,6.8,95.98,0,0,,0,0,13,4.2,142,1007.5,55.5,4.3,0,0,0,,Partially cloudy,partly-cloudy-night,"03680099999,03672099999,03781099999,03772099999,03770099999"
hendon london,2022-11-28T03:00:00,6.2,6.2,6,98.16,0,0,,0,0,14.8,3.8,288,1007.2,67,2.5,0,0,0,,Partially cloudy,partly-cloudy-night,"03680099999,03672099999,03781099999,03772099999,03770099999"
hendon london,2022-11-28T04:00:00,5.8,5.8,5.3,96.51,0,0,,0,0,16.6,4.4,269,1007.2,71.9,2.2,0,0,0,,Partially cloudy,partly-cloudy-night,"03680099999,03672099999,03781099999,03772099999,03770099999"
hendon london,2022-11-28T05:00:00,5.8,4.8,5.1,95.5,0,0,,0,0,14.8,5.5,164,1007.2,2.7,5.2,0,0,0,,Clear,clear-night,"03680099999,03672099999,03781099999,03772099999,03770099999"
hendon london,2022-11-28T06:00:00,5.2,4.3,4.6,95.51,0,0,,0,0,11.2,5.2,119,1007.5,63.7,3.3,0,0,0,,Partially cloudy,partly-cloudy-night,"03680099999,03672099999,03781099999,03772099999,03770099999"
hendon london,2022-11-28T07:00:00,5.2,4.1,4.5,95.51,0,0,,0,0,13,5.6,127,1007.5,18.5,4.5,0,0,0,,Clear,clear-night,"03680099999,03672099999,03781099999,03772099999,03770099999"
hendon london,2022-11-28T08:00:00,5.2,5.2,4.6,96.28,0,0,,0,0,9.4,3.8,138,1008.1,30.8,4.2,10,0,0,,Partially cloudy,partly-cloudy-day,"03680099999,D4121,03672099999,03781099999,03772099999,03770099999"
hendon london,2022-11-28T09:00:00,6.6,5.6,6.5,99,0,0,,0,0,14.8,6,116,1008.1,30.8,10.1,78,0.3,1,,Partially cloudy,partly-cloudy-day,"03680099999,D4121,03672099999,03781099999,03772099999,03770099999"
hendon london,2022-11-28T10:00:00,8.7,8.7,8.5,98.18,0.019,100,rain,0,0,7.6,4.1,169,1008,0,10.5,170,0.6,2,,Rain,rain,"03680099999,D4121,03672099999,03781099999,03772099999,03770099999"
hendon london,2022-11-28T11:00:00,10.7,10.7,8.7,87.62,0.077,100,rain,0,0,11.2,8.1,165,1008.1,40.3,13.1,65,0.2,1,,"Rain, Partially cloudy",rain,"03680099999,D4121,03672099999,03781099999,03772099999,03770099999"
hendon london,2022-11-28T12:00:00,11.6,11.6,7.6,76.68,0.029,100,rain,0,0,20.5,10.3,202,1008.1,33.6,13.1,140,0.5,1,,"Rain, Partially cloudy",rain,"03680099999,D4121,03672099999,03781099999,03772099999,03770099999"
hendon london,2022-11-28T13:00:00,10.6,10.6,7.6,81.94,0,0,,0,0,14.8,9.5,219,1008.1,31.9,13.6,68,0.2,1,,Partially cloudy,partly-cloudy-day,"03680099999,D4121,03672099999,03781099999,03772099999,03770099999"
hendon london,2022-11-28T14:00:00,10.4,10.4,8,84.69,0,0,,0,0,7.6,8.3,208,1008.5,79.8,10.9,61,0.2,1,,Partially cloudy,partly-cloudy-day,"03680099999,D4121,03672099999,03781099999,03772099999,03770099999"
hendon london,2022-11-28T15:00:00,10.3,10.3,8.1,86.06,0,0,,0,0,7.6,3,210,1009.1,79.8,11.4,69,0.2,1,,Partially cloudy,partly-cloudy-day,"03680099999,D4121,03672099999,03781099999,03772099999,03770099999"
hendon london,2022-11-28T16:00:00,9.7,9.7,7.5,86.43,0,0,,0,0,7.6,3,279,1009.5,79.8,12.1,7,0,0,,Partially cloudy,partly-cloudy-night,"03680099999,D4121,03672099999,03781099999,03772099999,03770099999"
hendon london,2022-11-28T17:00:00,8.7,8.7,7.2,90.19,0,0,,0,0,3.6,2.9,189,1010.1,90,9,0,0,0,,Partially cloudy,partly-cloudy-night,"03680099999,03672099999,03781099999,03772099999,03770099999"
hendon london,2022-11-28T18:00:00,8.1,8.1,7,92.94,0.192,100,rain,0,0,5.4,2.5,87,1010.6,65.8,14.1,0,0,0,,"Rain, Partially cloudy",rain,"03680099999,03672099999,03781099999,03772099999,03770099999"
hendon london,2022-11-28T19:00:00,7.6,7.6,6.3,92.01,0,0,,0,0,7.6,4.7,289,1011.5,66.4,12.6,0,0,0,,Partially cloudy,partly-cloudy-night,"03680099999,03672099999,03781099999,03772099999,03770099999"
hendon london,2022-11-28T20:00:00,6.6,6,5.6,93.08,0,0,,0,0,1.8,4.8,289,1012.4,91,2.9,0,0,0,,Overcast,cloudy,"03680099999,03672099999,03781099999,03772099999,03770099999"
hendon london,2022-11-28T21:00:00,6.1,4.9,5.6,96.09,0,0,,0,0,5.4,6.5,319,1013.1,21.6,3.9,0,0,0,,Partially cloudy,partly-cloudy-night,"03680099999,03672099999,03781099999,03772099999,03770099999"
hendon london,2022-11-28T22:00:00,5.7,5.7,4.7,93.28,0,0,,0,0,8.3,3.6,20,1013.3,0,6.6,0,0,0,,Clear,clear-night,"03672099999,03772099999"
hendon london,2022-11-28T23:00:00,5.8,4.4,5.2,95.37,0,0,,0,0,5.4,7.2,340,1014.1,59.2,2.7,0,0,0,,Partially cloudy,partly-cloudy-night,"03680099999,03672099999,03781099999,03772099999,03770099999"
hendon london,2022-11-29T00:00:00,6.4,5.2,5.7,95.27,0.029,100,rain,0,0,3.6,6.4,349,1014.5,99,0.3,0,0,0,,"Rain, Overcast",rain,"03680099999,03672099999,03781099999,03772099999,03770099999"
hendon london,2022-11-29T01:00:00,7.3,5.8,6.5,94.76,0,0,,0,0,11.2,8.1,360,1015.1,100,5.4,0,0,0,,Overcast,cloudy,"03680099999,03672099999,03781099999,03772099999,03770099999"
hendon london,2022-11-29T02:00:00,7.1,5.7,6.5,95.86,0,0,,0,0,7.6,7.8,6,1015.4,100,7.2,0,0,0,,Overcast,cloudy,"03680099999,03672099999,03781099999,03772099999,03770099999"
hendon london,2022-11-29T03:00:00,7,5.5,6.1,93.7,0,0,,0,0,9.4,8.1,3,1016.1,100,8.1,0,0,0,,Overcast,cloudy,"03680099999,03672099999,03781099999,03772099999,03770099999"
hendon london,2022-11-29T04:00:00,6.4,4.6,6,97.39,0,0,,0,0,13,8.7,357,1017.1,100,5,0,0,0,,Overcast,cloudy,"03680099999,03672099999,03781099999,03772099999,03770099999"
hendon london,2022-11-29T05:00:00,6.3,4.4,5.8,96.74,0.011,100,rain,0,0,16.6,9,36,1017.4,100,5.9,0,0,0,,"Rain, Overcast",rain,"03680099999,03672099999,03781099999,03772099999,03770099999"
hendon london,2022-11-29T06:00:00,6.2,4.4,5.7,96.28,0.064,100,rain,0,0,13,8.9,30,1018.1,100,9,0,0,0,,"Rain, Overcast",rain,"03680099999,03672099999,03781099999,03772099999,03770099999"
hendon london,2022-11-29T07:00:00,6.2,5,5.3,93.6,0,0,,0,0,14.8,6.4,35,1018.5,100,6.5,0,0,0,,Overcast,cloudy,"03680099999,03672099999,03781099999,03772099999,03770099999"
hendon london,2022-11-29T08:00:00,6.1,4.7,5.2,94.03,0,0,,0,0,14.8,7.1,30,1019.4,100,6.2,5,0,0,,Overcast,cloudy,"03680099999,03672099999,03781099999,AR120,03772099999,03770099999"
hendon london,2022-11-29T09:00:00,6.1,4.1,5.2,94.03,0,0,,0,0,16.6,9.5,52,1020.1,100,6.3,10,0,0,,Overcast,cloudy,"03680099999,D4121,03672099999,03781099999,03772099999,03770099999"
hendon london,2022-11-29T10:00:00,6.2,4.8,5.2,93.72,0.019,100,rain,0,0,14.8,7.1,343,1021,100,7.2,20,0.1,0,,"Rain, Overcast",rain,"03680099999,D4121,03672099999,03781099999,03772099999,03770099999"
hendon london,2022-11-29T11:00:00,6.2,6.2,5.3,93.66,0,0,,0,0,11.2,4,333,1021.1,100,7.3,25,0.1,0,,Overcast,cloudy,"03680099999,D4121,03672099999,03781099999,03772099999,03770099999"
hendon london,2022-11-29T12:00:00,6.2,6.2,5.2,93.41,0,0,,0,0,11.2,4.2,9,1021.1,100,7.2,35,0.1,0,,Overcast,cloudy,"03680099999,D4121,03672099999,03781099999,03772099999,03770099999"
hendon london,2022-11-29T13:00:00,6.3,6.3,5.2,92.79,0,0,,0,0,14.8,2.9,60,1021.1,100,6.7,32,0.1,0,,Overcast,cloudy,"03680099999,D4121,03672099999,03781099999,03772099999,03770099999"
hendon london,2022-11-29T14:00:00,6.2,5.3,5.1,92.75,0,0,,0,0,9.4,5.4,46,1021.1,100,6.7,24,0.1,0,,Overcast,cloudy,"03680099999,D4121,03672099999,03781099999,03772099999,03770099999"
hendon london,2022-11-29T15:00:00,6.3,5.5,5.1,92.11,0,0,,0,0,11.2,5.2,101,1021.1,100,6.4,13,0,0,,Overcast,cloudy,"03680099999,D4121,03672099999,03781099999,03772099999,03770099999"
hendon london,2022-11-29T16:00:00,6.2,6.2,5.1,93.03,0,0,,0,0,5.4,4.1,37,1021.2,100,6.6,5,0,0,,Overcast,cloudy,"03680099999,D4121,03672099999,03781099999,03772099999,03770099999"
hendon london,2022-11-29T17:00:00,6.3,4.7,5.2,93.04,0,0,,0,0,5.4,7.7,94,1021.5,100,6.4,0,0,0,,Overcast,cloudy,"03680099999,03672099999,03781099999,03772099999,03770099999"
hendon london,2022-11-29T18:00:00,6.7,6.7,5.3,91.02,0,0,,0,0,5.4,3.6,74,1022.1,100,6.4,0,0,0,,Overcast,cloudy,"03680099999,03672099999,03781099999,03772099999,03770099999"
hendon london,2022-11-29T19:00:00,6.7,6.7,5.5,92.12,0,0,,0,0,5.4,4.7,315,1022.2,100,5.4,0,0,0,,Overcast,cloudy,"03680099999,03672099999,03781099999,03772099999,03770099999"
hendon london,2022-11-29T20:00:00,6.7,6.7,5.5,92.05,0,0,,0,0,5.4,4.1,15,1022.2,100,6,0,0,0,,Overcast,cloudy,"03680099999,03672099999,03781099999,03772099999,03770099999"
hendon london,2022-11-29T21:00:00,6.6,6.6,5.4,92.61,0,0,,0,0,5.4,3.6,40,1022.5,93.8,5.3,0,0,0,,Overcast,cloudy,"03680099999,03672099999,03781099999,03772099999,03770099999"
hendon london,2022-11-29T22:00:00,6.4,6.4,5.4,93.32,0,0,,0,0,3.6,2.9,355,1023,93.1,5.6,0,0,0,,Overcast,cloudy,"03672099999,03772099999"
hendon london,2022-11-29T23:00:00,6.7,6.7,6,95.15,0,0,,0,0,5.4,4.1,32,1023.1,93.8,5,0,0,0,,Overcast,cloudy,"03680099999,03672099999,03781099999,03772099999,03770099999"
hendon london,2022-11-30T00:00:00,7.1,6.3,6,92.59,0,0,,0,0,9.4,5.7,64,1022.5,100,5.3,0,0,0,,Overcast,cloudy,"03680099999,03672099999,03781099999,03772099999,03770099999"
hendon london,2022-11-30T01:00:00,7.1,7.1,6.1,93.18,0,0,,0,0,7.6,3.1,42,1022.5,100,5.4,0,0,0,,Overcast,cloudy,"03680099999,03672099999,03781099999,03772099999,03770099999"
hendon london,2022-11-30T02:00:00,7.1,7.1,6,92.59,0,0,,0,0,9.4,2.7,56,1023,100,5.3,0,0,0,,Overcast,cloudy,"03680099999,03672099999,03781099999,03772099999,03770099999"
hendon london,2022-11-30T03:00:00,7.1,6,6,93.08,0,0,,0,0,9.4,6.2,28,1023.1,100,5.8,0,0,0,,Overcast,cloudy,"03680099999,03672099999,03781099999,03772099999,03770099999"
hendon london,2022-11-30T04:00:00,7.1,7.1,6,92.83,0,0,,0,0,7.6,3.8,54,1023.1,100,5.9,0,0,0,,Overcast,cloudy,"03680099999,03672099999,03781099999,03772099999,03770099999"
hendon london,2022-11-30T05:00:00,7.1,7.1,6,92.96,0,0,,0,0,5.4,3.1,59,1023.2,100,6.9,0,0,0,,Overcast,cloudy,"03680099999,03672099999,03781099999,03772099999,03770099999"
hendon london,2022-11-30T06:00:00,6.8,5.2,5.9,93.5,0,0,,0,0,7.6,8.3,68,1023.4,100,7.1,0,0,0,,Overcast,cloudy,"03680099999,03672099999,03781099999,03772099999,03770099999"
hendon london,2022-11-30T07:00:00,6.9,5.5,6,93.63,0,0,,0,0,5.4,7.7,58,1023.6,100,7.1,0,0,0,,Overcast,cloudy,"03680099999,03672099999,03781099999,03772099999,03770099999"
hendon london,2022-11-30T08:00:00,6.9,5.8,6,93.69,0,0,,0,0,5.4,6.5,71,1024.5,100,7.1,11,0,0,,Overcast,cloudy,"03680099999,D4121,03672099999,03781099999,03772099999,03770099999"
hendon london,2022-11-30T09:00:00,6.9,5.6,6,94.19,0,0,,0,0,7.6,7.2,85,1025.1,93.8,7.1,18,0.1,0,,Overcast,cloudy,"03680099999,D4121,03672099999,03781099999,03772099999,03770099999"
hendon london,2022-11-30T10:00:00,7.2,6,6.1,92.15,0,0,,0,0,3.6,7,79,1025.2,93.8,6.9,42,0.2,0,,Overcast,cloudy,"03680099999,D4121,03672099999,03781099999,03772099999,03770099999"
hendon london,2022-11-30T11:00:00,7.7,6.8,6.5,91.88,0,0,,0,0,11.2,6.2,99,1025.2,93.8,6.9,76,0.3,1,,Overcast,cloudy,"03680099999,D4121,03672099999,03781099999,03772099999,03770099999"
hendon london,2022-11-30T12:00:00,9,8.3,6.4,84.07,0,0,,0,0,9.4,6,66,1025.2,41.1,7.8,205,0.7,2,,Partially cloudy,partly-cloudy-day,"03680099999,D4121,03672099999,03781099999,03772099999,03770099999"
hendon london,2022-11-30T13:00:00,9.2,8.8,6.3,82.58,0,0,,0,0,9.4,4.9,48,1025.2,41.1,9.1,280,1,3,,Partially cloudy,partly-cloudy-day,"03680099999,D4121,03672099999,03781099999,03772099999,03770099999"
hendon london,2022-11-30T14:00:00,8.9,8,5.9,81.67,0,0,,0,0,9.4,6.7,46,1025.5,28.8,9.3,130,0.5,1,,Partially cloudy,partly-cloudy-day,"03680099999,D4121,03672099999,03781099999,03772099999,03770099999"
hendon london,2022-11-30T15:00:00,8.7,8.7,5.9,82.69,0,0,,0,0,7.6,4.7,99,1025.5,66.4,9.4,39,0.1,0,,Partially cloudy,partly-cloudy-day,"03680099999,D4121,03672099999,03781099999,03772099999,03770099999"
hendon london,2022-11-30T16:00:00,7.8,7.8,5.4,85.22,0,0,,0,0,3.6,3.6,101,1026.1,97.2,9,15,0.1,0,,Overcast,cloudy,"03680099999,D4121,03672099999,03781099999,03772099999,03770099999"
hendon london,2022-11-30T17:00:00,7.5,7.5,5.9,89.1,0,0,,0,0,5.4,4.2,143,1026.2,60.6,7.3,0,0,0,,Partially cloudy,partly-cloudy-night,"03680099999,03672099999,03781099999,03772099999,03770099999"
hendon london,2022-11-30T18:00:00,6.9,6.9,5.2,88.93,0,0,,0,0,3.6,3.4,86,1027.1,28.8,5,0,0,0,,Partially cloudy,partly-cloudy-night,"03680099999,03672099999,03781099999,03772099999,03770099999"
hendon london,2022-11-30T19:00:00,6.5,6.5,4.9,89.29,0,0,,0,0,5.4,2.3,20,1027.2,21.6,4.8,0,0,0,,Partially cloudy,partly-cloudy-night,"03680099999,03672099999,03781099999,03772099999,03770099999"
hendon london,2022-11-30T20:00:00,6.5,6.5,4.9,89.52,0,0,,0,0,5.4,3.1,60,1027.5,52,4.5,0,0,0,,Partially cloudy,partly-cloudy-night,"03680099999,03672099999,03781099999,03772099999,03770099999"
hendon london,2022-11-30T21:00:00,6.3,6.3,5.2,93.12,0,0,,0,0,5.4,3.6,353,1028.1,92.1,5,0,0,0,,Overcast,cloudy,"03680099999,03672099999,03781099999,03772099999,03770099999"
hendon london,2022-11-30T22:00:00,4.2,4.2,4,98.61,0,0,,0,0,6.1,3.6,6.9,1028,47.6,,0,0,0,,Partially cloudy,partly-cloudy-night,remote
hendon london,2022-11-30T23:00:00,6.7,6.7,5.5,92.02,0,0,,0,0,7.6,4.3,35,1028.5,71.9,5.9,0,0,0,,Partially cloudy,partly-cloudy-night,"03680099999,03672099999,03781099999,03772099999,03770099999"
